station,arrondissement,mm,dd,wday,AM,tot,temp,precip
Pierre-de-Coubertin / Langelier,Mercier - Hochelaga-Maisonneuve,6,29,Thursday,0,18,20.3,4.7
Boyer / Bélanger,Rosemont - La Petite-Patrie,6,10,Saturday,5,133,17.6,0
7e avenue / St-Joseph Rosemont,Rosemont - La Petite-Patrie,5,4,Thursday,18,50,9.1,0
Parc LaSalle (10e avenue / Victoria),Lachine,5,22,Monday,0,19,10.8,0
Dézéry / Ontario,Mercier - Hochelaga-Maisonneuve,10,17,Tuesday,25,97,10.8,0.8
du Mont-Royal / Augustin-Frigon,Rosemont - La Petite-Patrie,8,24,Thursday,27,105,20.8,4.1
Rosemont / Viau,Rosemont - La Petite-Patrie,10,17,Tuesday,4,20,10.8,0.8
5e avenue / Masson,Rosemont - La Petite-Patrie,9,25,Monday,27,139,16.3,0
Henri-Julien / de Bellechasse,Rosemont - La Petite-Patrie,9,17,Sunday,3,56,17.9,0
Graham / Wicksteed,Mont-Royal,8,15,Tuesday,6,50,21.2,0.5
Darling / Sherbrooke,Rosemont - La Petite-Patrie,8,16,Wednesday,10,37,21.9,0.4
Dubois / Eadie,Le Sud-Ouest,7,17,Monday,7,35,25.2,0
du Mont-Royal / Augustin-Frigon,Rosemont - La Petite-Patrie,5,29,Monday,18,80,18,0
Mozart / Waverly,Rosemont - La Petite-Patrie,7,6,Thursday,13,66,27.7,0
Louis-Hébert / St-Zotique,Rosemont - La Petite-Patrie,9,5,Tuesday,13,38,26.5,0
Graham / Brookfield,Mont-Royal,7,24,Monday,3,33,24,0
Valois / Ste-Catherine,Mercier - Hochelaga-Maisonneuve,5,24,Wednesday,11,39,11.9,7.2
Ste-Catherine / Dezery,Mercier - Hochelaga-Maisonneuve,7,29,Saturday,13,73,16.2,0.2
Duchesneau / de Marseille,Mercier - Hochelaga-Maisonneuve,6,29,Thursday,1,8,20.3,4.7
Henri-Julien / de Bellechasse,Rosemont - La Petite-Patrie,7,1,Saturday,0,42,22.6,27.2
Valois / Ste-Catherine,Mercier - Hochelaga-Maisonneuve,5,9,Tuesday,15,64,10.2,0
Parc Honoré-Mercier (Notre-Dame / Liébert),Mercier - Hochelaga-Maisonneuve,6,11,Sunday,3,43,20.3,0
St-Dominique / St-Zotique,Rosemont - La Petite-Patrie,8,15,Tuesday,28,198,21.2,0.5
26e avenue / Beaubien,Rosemont - La Petite-Patrie,9,14,Thursday,14,50,13.9,0
Parc du Pélican (2e avenue / St-Joseph),Rosemont - La Petite-Patrie,6,25,Sunday,3,46,22.2,0
Graham / Kindersley,Mont-Royal,5,5,Friday,4,32,11.8,0
Du Quesne / de Marseille,Mercier - Hochelaga-Maisonneuve,8,1,Tuesday,7,30,15.6,0
Darling / Sherbrooke,Rosemont - La Petite-Patrie,7,16,Sunday,1,43,24.2,12.7
41e avenue / Rosemont,Rosemont - La Petite-Patrie,7,28,Friday,3,20,23.9,23.4
Peel / Ottawa,Le Sud-Ouest,8,8,Tuesday,30,197,22,6.6
Boyer / Beaubien,Rosemont - La Petite-Patrie,9,14,Thursday,39,194,13.9,0
5e avenue / Masson,Rosemont - La Petite-Patrie,10,1,Sunday,16,147,18.8,0
Métro Honoré-Beaugrand (Sherbrooke / Honoré-Beaugrand),Mercier - Hochelaga-Maisonneuve,5,21,Sunday,3,35,16.2,0
Métro Préfontaine (Moreau / Hochelaga),Mercier - Hochelaga-Maisonneuve,8,4,Friday,14,95,21.4,3.1
Boyer / Rosemont,Rosemont - La Petite-Patrie,7,20,Thursday,39,155,21.8,0.3
Du Quesne / de Marseille,Mercier - Hochelaga-Maisonneuve,6,27,Tuesday,1,18,23.3,7.2
3e avenue / Holt,Rosemont - La Petite-Patrie,10,11,Wednesday,15,38,10.3,1.8
Drolet / St-Zotique,Rosemont - La Petite-Patrie,7,23,Sunday,4,71,22.3,0
de Chambly / Rachel,Rosemont - La Petite-Patrie,5,20,Saturday,5,82,18.4,3.2
Métro Rosemont (de St-Vallier / Rosemont),Rosemont - La Petite-Patrie,10,26,Thursday,27,158,16.1,5.8
1ère avenue / Rosemont,Rosemont - La Petite-Patrie,9,30,Saturday,8,77,17.3,0.5
Bourbonnière / du Mont-Royal,Rosemont - La Petite-Patrie,6,7,Wednesday,14,59,13.7,3.7
Métro Cadillac (Cadillac / Sherbrooke),Mercier - Hochelaga-Maisonneuve,6,19,Monday,2,37,17.5,0
Ste-Claire / Pierre-Tétreault,Mercier - Hochelaga-Maisonneuve,8,17,Thursday,2,11,23.3,0.2
Marché Jean-Talon (Henri-Julien / Jean-Talon),Rosemont - La Petite-Patrie,7,19,Wednesday,8,121,21.8,0
10e avenue / Masson,Rosemont - La Petite-Patrie,9,14,Thursday,29,161,13.9,0
St-Joseph / 8e avenue Lachine,Lachine,7,2,Sunday,0,43,23.3,2.1
St-Joseph / 8e avenue Lachine,Lachine,6,9,Friday,1,15,15.3,0
Métro Jolicoeur (de Sève / Drake),Le Sud-Ouest,9,12,Tuesday,7,48,18.3,0
Duvernay / Charlevoix,Le Sud-Ouest,9,9,Saturday,5,138,18.1,0
Métro Radisson (Sherbrooke / des Groseilliers),Mercier - Hochelaga-Maisonneuve,8,20,Sunday,7,42,20.9,0
Molson / Beaubien,Rosemont - La Petite-Patrie,8,30,Wednesday,5,39,17.8,30.3
Dézéry / Ontario,Mercier - Hochelaga-Maisonneuve,8,28,Monday,29,146,18.9,0
St-Dominique / St-Zotique,Rosemont - La Petite-Patrie,9,1,Friday,18,216,18.1,0
de la Roche / Bélanger,Rosemont - La Petite-Patrie,10,26,Thursday,25,93,16.1,5.8
7e avenue / St-Joseph Rosemont,Rosemont - La Petite-Patrie,7,19,Wednesday,19,80,21.8,0
Cartier / Rosemont,Rosemont - La Petite-Patrie,5,12,Friday,16,57,20.3,0
Parc Lalancette (de Rouen / Valois),Mercier - Hochelaga-Maisonneuve,5,15,Monday,7,71,15.6,0
de Gaspé / Beaubien,Rosemont - La Petite-Patrie,7,17,Monday,2,76,25.2,0
Métro Beaubien (de Chateaubriand / Beaubien),Rosemont - La Petite-Patrie,8,6,Sunday,14,301,21.5,0
Louis-Hébert / de Bellechasse,Rosemont - La Petite-Patrie,5,6,Saturday,11,70,15.6,0
Laird / Glencoe,Mont-Royal,5,15,Monday,3,16,15.6,0
Chambord / Beaubien,Rosemont - La Petite-Patrie,10,11,Wednesday,18,74,10.3,1.8
Louis-Hébert / de Bellechasse,Rosemont - La Petite-Patrie,9,24,Sunday,10,118,18.5,0
St-Ambroise / Louis-Cyr,Le Sud-Ouest,8,6,Sunday,1,54,21.5,0
Laird / Glencoe,Mont-Royal,10,21,Saturday,1,2,11.6,14.6
Chambord / Beaubien,Rosemont - La Petite-Patrie,8,17,Thursday,21,106,23.3,0.2
5e avenue / Masson,Rosemont - La Petite-Patrie,9,11,Monday,29,117,18.3,0
de Bordeaux / St-Zotique,Rosemont - La Petite-Patrie,5,30,Tuesday,17,46,19.3,0
Chambord / Beaubien,Rosemont - La Petite-Patrie,7,20,Thursday,19,95,21.8,0.3
Parc Kirkland (des Érables / Boyer),Lachine,7,21,Friday,0,10,21.9,26
Parc Félix-Leclerc (François-Boivin / St-Zotique),Mercier - Hochelaga-Maisonneuve,9,26,Tuesday,4,15,13.9,0.2
Jeanne-Mance / Beaubien,Rosemont - La Petite-Patrie,9,12,Tuesday,9,71,18.3,0
Ernest-Gendreau / du Mont-Royal,Rosemont - La Petite-Patrie,8,9,Wednesday,16,44,22.1,0
Métro Assomption (Chauveau / de l'Assomption),Mercier - Hochelaga-Maisonneuve,5,12,Friday,2,33,20.3,0
29e avenue / St-Zotique,Rosemont - La Petite-Patrie,10,26,Thursday,12,37,16.1,5.8
Hochelaga / de l'Assomption,Mercier - Hochelaga-Maisonneuve,8,25,Friday,0,17,18.3,1.1
Boyer / Bélanger,Rosemont - La Petite-Patrie,7,15,Saturday,5,114,22.8,0.3
1ère avenue / Rosemont,Rosemont - La Petite-Patrie,7,22,Saturday,7,65,21.2,0
Métro Beaubien (de Chateaubriand / Beaubien),Rosemont - La Petite-Patrie,9,18,Monday,30,186,17,0.5
Ste-Claire / Pierre-Tétreault,Mercier - Hochelaga-Maisonneuve,6,13,Tuesday,1,6,19,13.8
1ère  avenue / St-Zotique,Rosemont - La Petite-Patrie,7,19,Wednesday,13,50,21.8,0
Gare Lachine (Sir George Simpson / 48e avenue),Lachine,9,20,Wednesday,0,4,15.7,0
Drolet / St-Zotique,Rosemont - La Petite-Patrie,10,22,Sunday,1,21,7.4,8.4
Henri-Julien / de Bellechasse,Rosemont - La Petite-Patrie,6,30,Friday,4,62,22.8,0
Laird / Glencoe,Mont-Royal,8,1,Tuesday,1,17,15.6,0
1ère  avenue / St-Zotique,Rosemont - La Petite-Patrie,7,14,Friday,10,53,21.3,0
Duvernay / Charlevoix,Le Sud-Ouest,6,11,Sunday,9,135,20.3,0
St-Germain / Hochelaga,Mercier - Hochelaga-Maisonneuve,10,29,Sunday,2,16,4.7,1
Léa-Roback / Sir-Georges-Etienne-Cartier,Le Sud-Ouest,7,8,Saturday,11,249,25,0
Parc St-Louis (St-Joseph / 34e avenue),Lachine,5,12,Friday,0,28,20.3,0
16e avenue / St-Joseph,Rosemont - La Petite-Patrie,10,25,Wednesday,8,46,14.9,3.3
27e avenue / Rosemont,Rosemont - La Petite-Patrie,8,31,Thursday,10,39,15.2,0
Métro Langelier (Langelier / Sherbrooke),Mercier - Hochelaga-Maisonneuve,8,20,Sunday,3,39,20.9,0
de St-Vallier / St-Zotique,Rosemont - La Petite-Patrie,9,11,Monday,17,73,18.3,0
Fortune / Wellington,Le Sud-Ouest,6,14,Wednesday,18,71,18.2,0
de Chambly / Rachel,Rosemont - La Petite-Patrie,6,7,Wednesday,5,34,13.7,3.7
de St-Vallier / St-Zotique,Rosemont - La Petite-Patrie,6,22,Thursday,13,78,22.9,0.3
Bel Air / St-Antoine,Le Sud-Ouest,7,18,Tuesday,3,13,22.8,10.2
Shearer / Centre,Le Sud-Ouest,8,9,Wednesday,23,74,22.1,0
Parc St-Paul (Le Caron / Marc-Sauvalle),Le Sud-Ouest,9,7,Thursday,20,64,26.1,0
Hamilton / Jolicoeur,Le Sud-Ouest,6,16,Friday,12,51,19.8,0
Ryde / Charlevoix,Le Sud-Ouest,7,26,Wednesday,15,66,24.9,0
St-Dominique / St-Zotique,Rosemont - La Petite-Patrie,10,15,Sunday,6,113,9.5,0
Chambord / Beaubien,Rosemont - La Petite-Patrie,6,6,Tuesday,24,98,16.7,0.3
26e avenue / Beaubien,Rosemont - La Petite-Patrie,8,10,Thursday,14,43,21.3,15.2
Cartier / Bélanger,Rosemont - La Petite-Patrie,8,3,Thursday,2,47,20.8,7.2
Shearer / Centre,Le Sud-Ouest,5,20,Saturday,3,42,18.4,3.2
Egan / Laurendeau,Le Sud-Ouest,9,17,Sunday,8,33,17.9,0
de la Roche / Bélanger,Rosemont - La Petite-Patrie,10,15,Sunday,7,72,9.5,0
Canning / Notre-Dame,Le Sud-Ouest,6,17,Saturday,3,48,15.3,5.3
Richardson / Montmorency,Le Sud-Ouest,9,10,Sunday,1,42,17,11.2
Rose-de-Lima / Workman,Le Sud-Ouest,9,7,Thursday,13,41,26.1,0
Louis-Hébert / St-Zotique,Rosemont - La Petite-Patrie,10,30,Monday,3,22,2.5,8
16e avenue / St-Joseph,Rosemont - La Petite-Patrie,9,29,Friday,19,64,15.7,0
Hochelaga / de l'Assomption,Mercier - Hochelaga-Maisonneuve,5,18,Thursday,0,12,7.6,0
Parc Père-Marquette (Chambord / Rosemont),Rosemont - La Petite-Patrie,9,4,Monday,6,140,24.6,0
Drolet / Beaubien,Rosemont - La Petite-Patrie,5,15,Monday,14,70,15.6,0
Valois / Ste-Catherine,Mercier - Hochelaga-Maisonneuve,6,16,Friday,21,61,19.8,0
Métro Jolicoeur (de Sève / Drake),Le Sud-Ouest,7,13,Thursday,3,36,23,36.1
Métro Honoré-Beaugrand (Sherbrooke / Honoré-Beaugrand),Mercier - Hochelaga-Maisonneuve,6,7,Wednesday,5,43,13.7,3.7
8e avenue / Dandurand,Rosemont - La Petite-Patrie,6,21,Wednesday,18,50,20.8,0.2
Parc Summerlea (53e avenue / St-Joseph),Lachine,9,14,Thursday,1,2,13.9,0
de Chambly / Rachel,Rosemont - La Petite-Patrie,8,13,Sunday,2,69,21.8,0
12e avenue / St-Zotique,Rosemont - La Petite-Patrie,9,5,Tuesday,17,67,26.5,0
Métro Radisson (Sherbrooke / des Groseilliers),Mercier - Hochelaga-Maisonneuve,9,4,Monday,2,23,24.6,0
Hochelaga / de l'Assomption,Mercier - Hochelaga-Maisonneuve,5,29,Monday,0,26,18,0
de Grosbois / Duchesneau,Mercier - Hochelaga-Maisonneuve,5,31,Wednesday,5,20,22.8,0.8
Métro Beaubien (de Chateaubriand / Beaubien),Rosemont - La Petite-Patrie,10,21,Saturday,2,178,11.6,14.6
Ste-Claire / Pierre-Tétreault,Mercier - Hochelaga-Maisonneuve,5,30,Tuesday,2,9,19.3,0
Drolet / Beaubien,Rosemont - La Petite-Patrie,10,30,Monday,1,40,2.5,8
Parc St-Louis (St-Joseph / 34e avenue),Lachine,5,31,Wednesday,1,10,22.8,0.8
Victoria / 18e avenue Lachine,Lachine,7,17,Monday,1,15,25.2,0
Graham / Kindersley,Mont-Royal,10,30,Monday,1,7,2.5,8
Parc LaSalle (10e avenue / Victoria),Lachine,8,2,Wednesday,3,16,17.5,0
André-Laurendeau / Rachel,Rosemont - La Petite-Patrie,10,11,Wednesday,8,89,10.3,1.8
16e avenue / St-Joseph,Rosemont - La Petite-Patrie,6,18,Sunday,6,53,16.5,0
Letourneux / Hochelaga,Mercier - Hochelaga-Maisonneuve,6,26,Monday,2,32,24.7,0
Bourbonnière / du Mont-Royal,Rosemont - La Petite-Patrie,10,5,Thursday,21,84,23.1,0
Ann / Wellington,Le Sud-Ouest,5,1,Monday,1,25,9.3,13.7
Parc Maisonneuve (Viau / Sherbrooke),Rosemont - La Petite-Patrie,6,13,Tuesday,2,51,19,13.8
Bourgeoys / Favard,Le Sud-Ouest,9,5,Tuesday,15,68,26.5,0
Ryde / Charlevoix,Le Sud-Ouest,10,2,Monday,15,73,16.3,0.6
Liébert / Hochelaga,Mercier - Hochelaga-Maisonneuve,7,14,Friday,2,27,21.3,0
Souligny / Desmarteau,Mercier - Hochelaga-Maisonneuve,9,11,Monday,2,6,18.3,0
Bourbonnière / du Mont-Royal,Rosemont - La Petite-Patrie,8,13,Sunday,6,65,21.8,0
de la Roche /  de Bellechasse,Rosemont - La Petite-Patrie,7,26,Wednesday,8,65,24.9,0
Louis-Hémon / Rosemont,Rosemont - La Petite-Patrie,6,30,Friday,18,74,22.8,0
27e avenue / Rosemont,Rosemont - La Petite-Patrie,10,21,Saturday,1,14,11.6,14.6
Parc Grovehill (St-Antoine / Ivan-Franko),Lachine,9,11,Monday,1,8,18.3,0
Desjardins / Ontario,Mercier - Hochelaga-Maisonneuve,8,14,Monday,12,92,20.4,0
de Bordeaux / St-Zotique,Rosemont - La Petite-Patrie,6,17,Saturday,1,35,15.3,5.3
André-Laurendeau / Rachel,Rosemont - La Petite-Patrie,7,19,Wednesday,33,218,21.8,0
Duchesneau / de Marseille,Mercier - Hochelaga-Maisonneuve,7,25,Tuesday,2,16,23.3,0
Desjardins / Ontario,Mercier - Hochelaga-Maisonneuve,9,11,Monday,25,98,18.3,0
Letourneux / Hochelaga,Mercier - Hochelaga-Maisonneuve,7,2,Sunday,3,15,23.3,2.1
Augustin-Cantin / Shearer,Le Sud-Ouest,7,22,Saturday,5,43,21.2,0
10e avenue / Masson,Rosemont - La Petite-Patrie,10,11,Wednesday,21,125,10.3,1.8
Ste-Catherine / Dezery,Mercier - Hochelaga-Maisonneuve,10,21,Saturday,6,47,11.6,14.6
Métro Cadillac (Cadillac / Sherbrooke),Mercier - Hochelaga-Maisonneuve,8,6,Sunday,0,32,21.5,0
Parc LaSalle (10e avenue / Victoria),Lachine,6,28,Wednesday,2,10,19.9,8.1
Nicolet / Sherbrooke,Mercier - Hochelaga-Maisonneuve,5,1,Monday,0,22,9.3,13.7
Letourneux / Ste-Catherine,Mercier - Hochelaga-Maisonneuve,9,28,Thursday,18,71,15.1,0
St-Charles / Thomas-Keefer,Le Sud-Ouest,9,13,Wednesday,4,50,19.7,8.5
de Bellechasse / de St-Vallier,Rosemont - La Petite-Patrie,6,13,Tuesday,1,52,19,13.8
Valois / Ste-Catherine,Mercier - Hochelaga-Maisonneuve,5,16,Tuesday,15,34,9.2,4.5
St-Dominique / St-Zotique,Rosemont - La Petite-Patrie,10,12,Thursday,44,194,10.7,0
de Bellechasse / de St-Vallier,Rosemont - La Petite-Patrie,5,17,Wednesday,6,58,5.2,0
de la Roche /  de Bellechasse,Rosemont - La Petite-Patrie,5,31,Wednesday,18,83,22.8,0.8
8e avenue / Notre-Dame Lachine,Lachine,7,16,Sunday,1,13,24.2,12.7
Graham / Wicksteed,Mont-Royal,10,28,Saturday,0,34,12.1,0.3
Dubois / Eadie,Le Sud-Ouest,8,9,Wednesday,9,45,22.1,0
Boyer / Beaubien,Rosemont - La Petite-Patrie,10,11,Wednesday,18,126,10.3,1.8
Boyer / Beaubien,Rosemont - La Petite-Patrie,10,12,Thursday,30,174,10.7,0
Bourgeoys / Favard,Le Sud-Ouest,8,19,Saturday,6,42,17.3,6.7
Dixie / 54e avenue,Lachine,8,17,Thursday,0,3,23.3,0.2
35e avenue / Beaubien,Rosemont - La Petite-Patrie,10,31,Tuesday,2,12,1.6,1.5
Dixie / 54e avenue,Lachine,10,19,Thursday,1,3,13.8,0.4
29e avenue / St-Zotique,Rosemont - La Petite-Patrie,5,10,Wednesday,7,38,15,0
Hamilton / Jolicoeur,Le Sud-Ouest,6,27,Tuesday,8,37,23.3,7.2
Métro Monk (Allard / Beaulieu),Le Sud-Ouest,9,29,Friday,7,61,15.7,0
Turgeon / Notre-Dame,Le Sud-Ouest,9,6,Wednesday,14,105,26.9,0
Darling / Sherbrooke,Rosemont - La Petite-Patrie,7,26,Wednesday,11,41,24.9,0
Dubois / Eadie,Le Sud-Ouest,7,6,Thursday,8,46,27.7,0
Ontario / Sicard,Mercier - Hochelaga-Maisonneuve,9,11,Monday,21,68,18.3,0
12e avenue / St-Zotique,Rosemont - La Petite-Patrie,8,8,Tuesday,11,52,22,6.6
8e avenue / Notre-Dame Lachine,Lachine,5,12,Friday,0,5,20.3,0
Bel Air / St-Antoine,Le Sud-Ouest,8,11,Friday,7,30,19.8,0
Rosemont / Viau,Rosemont - La Petite-Patrie,10,3,Tuesday,12,45,21.9,0
Parc Maisonneuve (Viau / Sherbrooke),Rosemont - La Petite-Patrie,10,20,Friday,6,60,15.5,0
Brittany / Ainsley,Mont-Royal,5,7,Sunday,0,30,16.5,0
Drolet / Beaubien,Rosemont - La Petite-Patrie,10,22,Sunday,0,51,7.4,8.4
Mozart / Waverly,Rosemont - La Petite-Patrie,8,30,Wednesday,6,42,17.8,30.3
des Ormeaux / de Grosbois,Mercier - Hochelaga-Maisonneuve,9,14,Thursday,2,14,13.9,0
5e avenue / Rosemont,Rosemont - La Petite-Patrie,9,7,Thursday,21,53,26.1,0
Métro Radisson (Sherbrooke / des Groseilliers),Mercier - Hochelaga-Maisonneuve,8,2,Wednesday,3,27,17.5,0
Louis-Hébert / de Bellechasse,Rosemont - La Petite-Patrie,8,3,Thursday,6,59,20.8,7.2
1ère avenue / Rosemont,Rosemont - La Petite-Patrie,10,5,Thursday,23,85,23.1,0
Fabre / St-Zotique,Rosemont - La Petite-Patrie,7,13,Thursday,15,75,23,36.1
Parc Honoré-Mercier (Notre-Dame / Liébert),Mercier - Hochelaga-Maisonneuve,8,12,Saturday,2,36,19.9,20.3
St-Germain / Hochelaga,Mercier - Hochelaga-Maisonneuve,6,21,Wednesday,6,36,20.8,0.2
Parc Kirkland (des Érables / Boyer),Lachine,5,22,Monday,2,17,10.8,0
Darling / Sherbrooke,Rosemont - La Petite-Patrie,8,15,Tuesday,7,55,21.2,0.5
Letourneux / Ste-Catherine,Mercier - Hochelaga-Maisonneuve,8,11,Friday,15,70,19.8,0
Métro Radisson (Sherbrooke / des Groseilliers),Mercier - Hochelaga-Maisonneuve,9,8,Friday,5,28,22.3,0
Chabot / Beaubien,Rosemont - La Petite-Patrie,7,18,Tuesday,7,85,22.8,10.2
Boyer / Beaubien,Rosemont - La Petite-Patrie,5,13,Saturday,7,180,13.5,0
5e avenue / Masson,Rosemont - La Petite-Patrie,9,30,Saturday,13,157,17.3,0.5
Ste-Catherine / Dezery,Mercier - Hochelaga-Maisonneuve,9,23,Saturday,7,68,16,0.2
de Léry / Sherbrooke,Mercier - Hochelaga-Maisonneuve,6,23,Friday,5,63,23.7,0.2
des Ormeaux / de Grosbois,Mercier - Hochelaga-Maisonneuve,10,27,Friday,0,7,17.2,0.3
Fortune / Wellington,Le Sud-Ouest,7,19,Wednesday,26,80,21.8,0
Valois / Ste-Catherine,Mercier - Hochelaga-Maisonneuve,8,7,Monday,13,66,20.5,2.8
Louis-Hébert / St-Zotique,Rosemont - La Petite-Patrie,5,22,Monday,4,31,10.8,0
Parc Maisonneuve (Viau / Sherbrooke),Rosemont - La Petite-Patrie,6,10,Saturday,9,100,17.6,0
Centre ÉPIC (St-Zotique / 40e avenue),Rosemont - La Petite-Patrie,6,13,Tuesday,1,35,19,13.8
Parc LaSalle (10e avenue / Victoria),Lachine,6,7,Wednesday,0,4,13.7,3.7
Marché Jean-Talon (Henri-Julien / Jean-Talon),Rosemont - La Petite-Patrie,5,27,Saturday,9,169,19.5,0
Métro Radisson (Sherbrooke / des Groseilliers),Mercier - Hochelaga-Maisonneuve,6,2,Friday,4,34,22.7,0
Ropery / Augustin-Cantin,Le Sud-Ouest,6,24,Saturday,1,60,22.8,22.5
Drolet / St-Zotique,Rosemont - La Petite-Patrie,9,4,Monday,3,85,24.6,0
16e avenue / St-Joseph,Rosemont - La Petite-Patrie,8,25,Friday,7,58,18.3,1.1
des Érables / Bélanger,Rosemont - La Petite-Patrie,10,8,Sunday,5,27,11.4,5.1
Métro Préfontaine (Moreau / Hochelaga),Mercier - Hochelaga-Maisonneuve,5,9,Tuesday,18,106,10.2,0
Dixie / 54e avenue,Lachine,5,3,Wednesday,0,1,8.1,1.2
Dixie / 54e avenue,Lachine,6,20,Tuesday,1,6,18.8,0
St-Ambroise / Louis-Cyr,Le Sud-Ouest,10,27,Friday,3,43,17.2,0.3
Desjardins / Ontario,Mercier - Hochelaga-Maisonneuve,8,28,Monday,16,75,18.9,0
des Ormeaux / de Grosbois,Mercier - Hochelaga-Maisonneuve,10,11,Wednesday,1,14,10.3,1.8
Duvernay / Charlevoix,Le Sud-Ouest,9,8,Friday,12,84,22.3,0
Chambord / Beaubien,Rosemont - La Petite-Patrie,6,22,Thursday,13,50,22.9,0.3
de Gaspé / Beaubien,Rosemont - La Petite-Patrie,9,17,Sunday,13,146,17.9,0
Valois / Ste-Catherine,Mercier - Hochelaga-Maisonneuve,6,7,Wednesday,17,61,13.7,3.7
Parc Stoney-Point (St-Joseph / 47e avenue),Lachine,7,12,Wednesday,1,7,21.9,0
Marché Jean-Talon (Henri-Julien / Jean-Talon),Rosemont - La Petite-Patrie,6,28,Wednesday,10,71,19.9,8.1
Ontario / Sicard,Mercier - Hochelaga-Maisonneuve,6,11,Sunday,3,54,20.3,0
Letourneux / Ste-Catherine,Mercier - Hochelaga-Maisonneuve,8,5,Saturday,1,66,20,0
Turgeon / Notre-Dame,Le Sud-Ouest,8,2,Wednesday,9,99,17.5,0
Parc Maisonneuve (Viau / Sherbrooke),Rosemont - La Petite-Patrie,10,29,Sunday,1,27,4.7,1
de Grosbois / Duchesneau,Mercier - Hochelaga-Maisonneuve,8,2,Wednesday,5,24,17.5,0
Valois / Ste-Catherine,Mercier - Hochelaga-Maisonneuve,6,13,Tuesday,3,50,19,13.8
Parc Père-Marquette (Chambord / Rosemont),Rosemont - La Petite-Patrie,8,14,Monday,37,104,20.4,0
Boyer / Beaubien,Rosemont - La Petite-Patrie,5,6,Saturday,12,207,15.6,0
des Ormeaux / Notre-Dame,Mercier - Hochelaga-Maisonneuve,10,25,Wednesday,3,5,14.9,3.3
de Gaspé / Dante,Rosemont - La Petite-Patrie,7,20,Thursday,4,61,21.8,0.3
Louis-Hébert / St-Zotique,Rosemont - La Petite-Patrie,6,4,Sunday,2,28,14.1,0
Ropery / Augustin-Cantin,Le Sud-Ouest,5,23,Tuesday,6,46,13.7,0
Louis-Hébert / de Bellechasse,Rosemont - La Petite-Patrie,9,4,Monday,4,65,24.6,0
des Érables / Bélanger,Rosemont - La Petite-Patrie,9,2,Saturday,6,39,20.3,0
Desjardins / Ontario,Mercier - Hochelaga-Maisonneuve,6,14,Wednesday,20,87,18.2,0
1ère avenue / Rosemont,Rosemont - La Petite-Patrie,7,14,Friday,11,76,21.3,0
Jeanne-d'Arc / Ontario,Mercier - Hochelaga-Maisonneuve,8,16,Wednesday,15,116,21.9,0.4
41e avenue / Rosemont,Rosemont - La Petite-Patrie,7,14,Friday,8,28,21.3,0
Darling / Sherbrooke,Rosemont - La Petite-Patrie,7,23,Sunday,3,66,22.3,0
St-Dominique / de Bellechasse,Rosemont - La Petite-Patrie,10,10,Tuesday,19,96,10.7,0.2
Gare Lachine (Sir George Simpson / 48e avenue),Lachine,7,26,Wednesday,0,7,24.9,0
Métro Honoré-Beaugrand (Sherbrooke / Honoré-Beaugrand),Mercier - Hochelaga-Maisonneuve,7,29,Saturday,1,38,16.2,0.2
Jeanne-Mance / Beaubien,Rosemont - La Petite-Patrie,10,15,Sunday,0,49,9.5,0
Dubois / Eadie,Le Sud-Ouest,7,14,Friday,10,50,21.3,0
Letourneux / Hochelaga,Mercier - Hochelaga-Maisonneuve,6,3,Saturday,2,47,15.9,0
Parc St-Paul (Le Caron / Marc-Sauvalle),Le Sud-Ouest,6,30,Friday,6,52,22.8,0
Métro Beaubien (de Chateaubriand / Beaubien),Rosemont - La Petite-Patrie,5,31,Wednesday,47,249,22.8,0.8
35e avenue / Beaubien,Rosemont - La Petite-Patrie,9,25,Monday,7,28,16.3,0
Cartier / Dandurand,Rosemont - La Petite-Patrie,9,28,Thursday,20,69,15.1,0
Boyer / Bélanger,Rosemont - La Petite-Patrie,6,5,Monday,9,107,16.4,0
Hamilton / Jolicoeur,Le Sud-Ouest,7,18,Tuesday,10,47,22.8,10.2
Chambord / Beaubien,Rosemont - La Petite-Patrie,5,11,Thursday,21,107,17.9,0
du Mont-Royal / Augustin-Frigon,Rosemont - La Petite-Patrie,10,26,Thursday,25,91,16.1,5.8
Parc Félix-Leclerc (François-Boivin / St-Zotique),Mercier - Hochelaga-Maisonneuve,5,16,Tuesday,0,8,9.2,4.5
Mozart / Waverly,Rosemont - La Petite-Patrie,6,23,Friday,1,39,23.7,0.2
5e avenue / Rosemont,Rosemont - La Petite-Patrie,7,23,Sunday,4,53,22.3,0
IUSMM (Georges-Villeneuve),Mercier - Hochelaga-Maisonneuve,5,23,Tuesday,2,19,13.7,0
André-Laurendeau / Rachel,Rosemont - La Petite-Patrie,7,18,Tuesday,14,182,22.8,10.2
Métro Radisson (Sherbrooke / des Groseilliers),Mercier - Hochelaga-Maisonneuve,8,14,Monday,4,37,20.4,0
Hochelaga / de l'Assomption,Mercier - Hochelaga-Maisonneuve,9,7,Thursday,0,33,26.1,0
Louis-Hébert / St-Zotique,Rosemont - La Petite-Patrie,7,14,Friday,5,35,21.3,0
de la Roche / Bélanger,Rosemont - La Petite-Patrie,8,6,Sunday,9,103,21.5,0
Pierre-de-Coubertin / Langelier,Mercier - Hochelaga-Maisonneuve,5,30,Tuesday,5,16,19.3,0
Chambord / Beaubien,Rosemont - La Petite-Patrie,6,29,Thursday,5,89,20.3,4.7
St-Dominique / de Bellechasse,Rosemont - La Petite-Patrie,6,16,Friday,18,110,19.8,0
Parc Maisonneuve (Viau / Sherbrooke),Rosemont - La Petite-Patrie,5,9,Tuesday,13,89,10.2,0
IUSMM (Georges-Villeneuve),Mercier - Hochelaga-Maisonneuve,10,29,Sunday,1,5,4.7,1
Canning / Notre-Dame,Le Sud-Ouest,7,9,Sunday,3,72,24,3.8
Rosemont / Viau,Rosemont - La Petite-Patrie,6,11,Sunday,1,65,20.3,0
St-Charles / Thomas-Keefer,Le Sud-Ouest,6,6,Tuesday,12,86,16.7,0.3
Chabot / Beaubien,Rosemont - La Petite-Patrie,10,30,Monday,5,34,2.5,8
de Chambly / Rachel,Rosemont - La Petite-Patrie,9,25,Monday,12,68,16.3,0
41e avenue / Victoria,Lachine,9,9,Saturday,1,4,18.1,0
Pierre-de-Coubertin / Langelier,Mercier - Hochelaga-Maisonneuve,9,24,Sunday,3,21,18.5,0
Parc Maisonneuve (Viau / Sherbrooke),Rosemont - La Petite-Patrie,10,31,Tuesday,4,43,1.6,1.5
Du Quesne / de Marseille,Mercier - Hochelaga-Maisonneuve,5,8,Monday,4,37,12.4,0.4
Letourneux / Hochelaga,Mercier - Hochelaga-Maisonneuve,10,17,Tuesday,8,60,10.8,0.8
IUSMM (Georges-Villeneuve),Mercier - Hochelaga-Maisonneuve,10,24,Tuesday,3,14,8,4.6
Parc Félix-Leclerc (François-Boivin / St-Zotique),Mercier - Hochelaga-Maisonneuve,6,22,Thursday,4,17,22.9,0.3
41e avenue / Rosemont,Rosemont - La Petite-Patrie,10,16,Monday,3,16,11.1,0
Dixie / 54e avenue,Lachine,9,15,Friday,1,4,14.9,0
Ontario / Sicard,Mercier - Hochelaga-Maisonneuve,7,30,Sunday,3,35,17.8,6.6
Nicolet / Sherbrooke,Mercier - Hochelaga-Maisonneuve,9,25,Monday,11,74,16.3,0
Hamilton / Jolicoeur,Le Sud-Ouest,5,12,Friday,11,45,20.3,0
St-Germain / Hochelaga,Mercier - Hochelaga-Maisonneuve,6,11,Sunday,0,32,20.3,0
Molson / Beaubien,Rosemont - La Petite-Patrie,5,12,Friday,7,73,20.3,0
Ann / Wellington,Le Sud-Ouest,10,27,Friday,6,40,17.2,0.3
de Bordeaux / St-Zotique,Rosemont - La Petite-Patrie,5,13,Saturday,9,60,13.5,0
André-Laurendeau / Rachel,Rosemont - La Petite-Patrie,8,13,Sunday,4,130,21.8,0
Chambord / Beaubien,Rosemont - La Petite-Patrie,9,5,Tuesday,17,86,26.5,0
Shearer / Centre,Le Sud-Ouest,5,31,Wednesday,11,64,22.8,0.8
12e avenue / St-Zotique,Rosemont - La Petite-Patrie,7,11,Tuesday,14,52,24.3,5.5
Jeanne-Mance / Beaubien,Rosemont - La Petite-Patrie,5,18,Thursday,10,63,7.6,0
Louis-Hébert / de Bellechasse,Rosemont - La Petite-Patrie,6,4,Sunday,2,75,14.1,0
41e avenue / Rosemont,Rosemont - La Petite-Patrie,8,15,Tuesday,7,30,21.2,0.5
29e avenue / St-Zotique,Rosemont - La Petite-Patrie,6,5,Monday,4,34,16.4,0
Ste-Catherine / Dezery,Mercier - Hochelaga-Maisonneuve,9,1,Friday,18,102,18.1,0
Parc Félix-Leclerc (François-Boivin / St-Zotique),Mercier - Hochelaga-Maisonneuve,10,26,Thursday,4,10,16.1,5.8
Souligny / Desmarteau,Mercier - Hochelaga-Maisonneuve,7,8,Saturday,0,6,25,0
Ropery / Augustin-Cantin,Le Sud-Ouest,9,26,Tuesday,11,46,13.9,0.2
Dubois / Eadie,Le Sud-Ouest,10,26,Thursday,7,34,16.1,5.8
Victoria / 18e avenue Lachine,Lachine,5,24,Wednesday,1,2,11.9,7.2
8e avenue / Notre-Dame Lachine,Lachine,7,9,Sunday,0,12,24,3.8
Parc LaSalle (10e avenue / Victoria),Lachine,8,25,Friday,0,6,18.3,1.1
Parc Lalancette (de Rouen / Valois),Mercier - Hochelaga-Maisonneuve,10,3,Tuesday,13,72,21.9,0
Lionel-Groulx / George-Vanier,Le Sud-Ouest,6,29,Thursday,1,26,20.3,4.7
Boyer / Bélanger,Rosemont - La Petite-Patrie,7,31,Monday,2,76,17.5,3.2
Graham / Wicksteed,Mont-Royal,10,27,Friday,2,21,17.2,0.3
8e avenue / Dandurand,Rosemont - La Petite-Patrie,6,10,Saturday,6,49,17.6,0
Chambord / Beaubien,Rosemont - La Petite-Patrie,10,20,Friday,14,109,15.5,0
Parc Stoney-Point (St-Joseph / 47e avenue),Lachine,10,31,Tuesday,0,2,1.6,1.5
Parc Grovehill (St-Antoine / Ivan-Franko),Lachine,10,22,Sunday,0,1,7.4,8.4
des Ormeaux / Notre-Dame,Mercier - Hochelaga-Maisonneuve,6,4,Sunday,1,14,14.1,0
Turgeon / Notre-Dame,Le Sud-Ouest,9,29,Friday,5,77,15.7,0
de Bordeaux / St-Zotique,Rosemont - La Petite-Patrie,7,23,Sunday,4,58,22.3,0
des Ormeaux / Notre-Dame,Mercier - Hochelaga-Maisonneuve,8,1,Tuesday,0,8,15.6,0
St-Joseph / 8e avenue Lachine,Lachine,5,25,Thursday,1,25,11.7,0
de Bordeaux / St-Zotique,Rosemont - La Petite-Patrie,10,18,Wednesday,19,52,12.1,0
5e avenue / Masson,Rosemont - La Petite-Patrie,10,24,Tuesday,26,112,8,4.6
de la Roche / Bélanger,Rosemont - La Petite-Patrie,7,10,Monday,18,58,20.9,10.2
Métro Radisson (Sherbrooke / des Groseilliers),Mercier - Hochelaga-Maisonneuve,6,13,Tuesday,1,25,19,13.8
de Gaspé / Dante,Rosemont - La Petite-Patrie,6,2,Friday,9,58,22.7,0
Cartier / Dandurand,Rosemont - La Petite-Patrie,6,29,Thursday,8,69,20.3,4.7
de Grosbois / Duchesneau,Mercier - Hochelaga-Maisonneuve,7,29,Saturday,3,14,16.2,0.2
des Ormeaux / Notre-Dame,Mercier - Hochelaga-Maisonneuve,5,2,Tuesday,0,1,9.9,3.8
Fortune / Wellington,Le Sud-Ouest,5,31,Wednesday,22,74,22.8,0.8
5e avenue / Masson,Rosemont - La Petite-Patrie,10,23,Monday,25,90,7.5,1.4
Cartier / Dandurand,Rosemont - La Petite-Patrie,8,15,Tuesday,23,92,21.2,0.5
Fabre / St-Zotique,Rosemont - La Petite-Patrie,5,26,Friday,16,88,13.9,0
Graham / Wicksteed,Mont-Royal,7,12,Wednesday,10,55,21.9,0
Ontario / Sicard,Mercier - Hochelaga-Maisonneuve,10,29,Sunday,5,38,4.7,1
Ryde / Charlevoix,Le Sud-Ouest,5,25,Thursday,14,58,11.7,0
Chambord / Beaubien,Rosemont - La Petite-Patrie,10,12,Thursday,22,82,10.7,0
Hamilton / Jolicoeur,Le Sud-Ouest,8,30,Wednesday,2,41,17.8,30.3
Jeanne-Mance / Beaubien,Rosemont - La Petite-Patrie,7,31,Monday,4,59,17.5,3.2
Letourneux / Hochelaga,Mercier - Hochelaga-Maisonneuve,9,23,Saturday,9,44,16,0.2
Boyer / Beaubien,Rosemont - La Petite-Patrie,8,2,Wednesday,29,175,17.5,0
Souligny / Desmarteau,Mercier - Hochelaga-Maisonneuve,10,5,Thursday,3,8,23.1,0
26e avenue / Beaubien,Rosemont - La Petite-Patrie,5,2,Tuesday,6,32,9.9,3.8
Drolet / Beaubien,Rosemont - La Petite-Patrie,7,23,Sunday,5,92,22.3,0
27e avenue / Rosemont,Rosemont - La Petite-Patrie,7,30,Sunday,1,43,17.8,6.6
Bourbonnière / du Mont-Royal,Rosemont - La Petite-Patrie,5,12,Friday,15,72,20.3,0
7e avenue / St-Joseph Rosemont,Rosemont - La Petite-Patrie,8,31,Thursday,22,68,15.2,0
des Ormeaux / Notre-Dame,Mercier - Hochelaga-Maisonneuve,7,19,Wednesday,0,12,21.8,0
Ryde / Charlevoix,Le Sud-Ouest,9,13,Wednesday,12,62,19.7,8.5
Victoria / 18e avenue Lachine,Lachine,9,5,Tuesday,3,14,26.5,0
Duchesneau / de Marseille,Mercier - Hochelaga-Maisonneuve,8,21,Monday,2,6,18.3,0
5e avenue / Rosemont,Rosemont - La Petite-Patrie,9,27,Wednesday,18,45,13.8,0
St-Dominique / de Bellechasse,Rosemont - La Petite-Patrie,5,2,Tuesday,14,73,9.9,3.8
des Ormeaux / de Grosbois,Mercier - Hochelaga-Maisonneuve,8,13,Sunday,1,15,21.8,0
Parc LaSalle (10e avenue / Victoria),Lachine,5,5,Friday,1,5,11.8,0
5e avenue / Masson,Rosemont - La Petite-Patrie,7,14,Friday,18,146,21.3,0
de Lanaudière / Bélanger,Rosemont - La Petite-Patrie,5,13,Saturday,11,92,13.5,0
Métro Honoré-Beaugrand (Sherbrooke / Honoré-Beaugrand),Mercier - Hochelaga-Maisonneuve,5,1,Monday,2,28,9.3,13.7
Dubois / Eadie,Le Sud-Ouest,9,17,Sunday,3,33,17.9,0
Fortune / Wellington,Le Sud-Ouest,10,22,Sunday,1,24,7.4,8.4
Graham / Kindersley,Mont-Royal,8,30,Wednesday,4,26,17.8,30.3
Duvernay / Charlevoix,Le Sud-Ouest,6,13,Tuesday,0,32,19,13.8
Métro Langelier (Langelier / Sherbrooke),Mercier - Hochelaga-Maisonneuve,6,13,Tuesday,1,28,19,13.8
Bourgeoys / Favard,Le Sud-Ouest,10,16,Monday,21,48,11.1,0
Parc du Pélican (2e avenue / St-Joseph),Rosemont - La Petite-Patrie,8,1,Tuesday,15,57,15.6,0
Duchesneau / de Marseille,Mercier - Hochelaga-Maisonneuve,8,1,Tuesday,2,14,15.6,0
Duchesneau / de Marseille,Mercier - Hochelaga-Maisonneuve,8,27,Sunday,2,12,18.5,0.2
Métro Assomption (Chauveau / de l'Assomption),Mercier - Hochelaga-Maisonneuve,8,28,Monday,3,30,18.9,0
des Érables / Bélanger,Rosemont - La Petite-Patrie,7,11,Tuesday,4,20,24.3,5.5
Du Quesne / de Marseille,Mercier - Hochelaga-Maisonneuve,8,9,Wednesday,7,28,22.1,0
Métro Beaubien (de Chateaubriand / Beaubien),Rosemont - La Petite-Patrie,7,31,Monday,27,227,17.5,3.2
5e avenue / Masson,Rosemont - La Petite-Patrie,9,27,Wednesday,27,112,13.8,0
Métro Assomption (Chauveau / de l'Assomption),Mercier - Hochelaga-Maisonneuve,10,18,Wednesday,4,42,12.1,0
Graham / Brookfield,Mont-Royal,10,12,Thursday,6,24,10.7,0
de Lanaudière / Bélanger,Rosemont - La Petite-Patrie,10,30,Monday,13,35,2.5,8
Métro Radisson (Sherbrooke / des Groseilliers),Mercier - Hochelaga-Maisonneuve,5,15,Monday,4,29,15.6,0
Ernest-Gendreau / du Mont-Royal,Rosemont - La Petite-Patrie,5,21,Sunday,4,42,16.2,0
Métro Monk (Allard / Beaulieu),Le Sud-Ouest,9,2,Saturday,6,58,20.3,0
d'Orléans / Hochelaga,Mercier - Hochelaga-Maisonneuve,10,28,Saturday,9,40,12.1,0.3
de Chambly / Rachel,Rosemont - La Petite-Patrie,9,28,Thursday,25,63,15.1,0
de Lanaudière / Bélanger,Rosemont - La Petite-Patrie,9,13,Wednesday,9,70,19.7,8.5
Fabre / St-Zotique,Rosemont - La Petite-Patrie,9,26,Tuesday,15,90,13.9,0.2
7e avenue / St-Joseph Rosemont,Rosemont - La Petite-Patrie,5,15,Monday,8,47,15.6,0
Métro Jolicoeur (de Sève / Drake),Le Sud-Ouest,10,4,Wednesday,5,54,23.7,0
de Chambly / Rachel,Rosemont - La Petite-Patrie,10,10,Tuesday,20,55,10.7,0.2
1ère  avenue / St-Zotique,Rosemont - La Petite-Patrie,8,17,Thursday,9,37,23.3,0.2
Dubois / Eadie,Le Sud-Ouest,10,7,Saturday,1,7,13.4,63
de Léry / Sherbrooke,Mercier - Hochelaga-Maisonneuve,6,10,Saturday,3,43,17.6,0
Laird / Glencoe,Mont-Royal,9,4,Monday,1,19,24.6,0
Cartier / Bélanger,Rosemont - La Petite-Patrie,7,20,Thursday,9,74,21.8,0.3
Parc Grovehill (St-Antoine / Ivan-Franko),Lachine,6,15,Thursday,0,5,20.7,3.4
Bourget / St-Jacques,Le Sud-Ouest,8,24,Thursday,11,47,20.8,4.1
41e avenue / Rosemont,Rosemont - La Petite-Patrie,10,22,Sunday,1,3,7.4,8.4
Métro Rosemont (de St-Vallier / Rosemont),Rosemont - La Petite-Patrie,8,3,Thursday,12,114,20.8,7.2
André-Laurendeau / Rachel,Rosemont - La Petite-Patrie,5,27,Saturday,8,150,19.5,0
St-Dominique / St-Zotique,Rosemont - La Petite-Patrie,8,7,Monday,29,153,20.5,2.8
16e avenue / St-Joseph,Rosemont - La Petite-Patrie,5,17,Wednesday,22,46,5.2,0
Augustin-Cantin / Shearer,Le Sud-Ouest,8,22,Tuesday,22,92,18.7,0
Bourbonnière / du Mont-Royal,Rosemont - La Petite-Patrie,7,25,Tuesday,10,75,23.3,0
Lionel-Groulx / George-Vanier,Le Sud-Ouest,6,18,Sunday,1,25,16.5,0
Boyer / St-Zotique,Rosemont - La Petite-Patrie,6,8,Thursday,8,108,14.3,0.5
Ryde / Charlevoix,Le Sud-Ouest,6,27,Tuesday,15,60,23.3,7.2
10e avenue / Masson,Rosemont - La Petite-Patrie,7,26,Wednesday,29,146,24.9,0
Métro Préfontaine (Moreau / Hochelaga),Mercier - Hochelaga-Maisonneuve,5,19,Friday,13,99,15.2,0
Ann / Wellington,Le Sud-Ouest,5,22,Monday,0,60,10.8,0
10e avenue / Masson,Rosemont - La Petite-Patrie,8,28,Monday,29,183,18.9,0
Pierre-de-Coubertin / Langelier,Mercier - Hochelaga-Maisonneuve,5,2,Tuesday,2,10,9.9,3.8
Beaubien / 8e avenue,Rosemont - La Petite-Patrie,8,19,Saturday,1,50,17.3,6.7
5e avenue / Rosemont,Rosemont - La Petite-Patrie,5,22,Monday,1,22,10.8,0
Métro Honoré-Beaugrand (Sherbrooke / Honoré-Beaugrand),Mercier - Hochelaga-Maisonneuve,8,10,Thursday,9,45,21.3,15.2
d'Orléans / Masson,Rosemont - La Petite-Patrie,5,8,Monday,11,59,12.4,0.4
Marché Jean-Talon (Henri-Julien / Jean-Talon),Rosemont - La Petite-Patrie,6,14,Wednesday,6,94,18.2,0
Graham / Brookfield,Mont-Royal,8,12,Saturday,2,27,19.9,20.3
de Bordeaux / St-Zotique,Rosemont - La Petite-Patrie,8,23,Wednesday,17,62,18.7,0.5
Egan / Laurendeau,Le Sud-Ouest,10,31,Tuesday,4,8,1.6,1.5
29e avenue / St-Zotique,Rosemont - La Petite-Patrie,7,27,Thursday,4,41,22.3,27.6
16e avenue / St-Joseph,Rosemont - La Petite-Patrie,9,18,Monday,18,71,17,0.5
de Chambly / Rachel,Rosemont - La Petite-Patrie,10,28,Saturday,5,64,12.1,0.3
7e avenue / St-Joseph Rosemont,Rosemont - La Petite-Patrie,9,20,Wednesday,25,83,15.7,0
Métro Beaubien (de Chateaubriand / Beaubien),Rosemont - La Petite-Patrie,9,6,Wednesday,58,295,26.9,0
de St-Vallier / St-Zotique,Rosemont - La Petite-Patrie,10,10,Tuesday,12,51,10.7,0.2
Centre ÉPIC (St-Zotique / 40e avenue),Rosemont - La Petite-Patrie,7,10,Monday,5,36,20.9,10.2
Richardson / Montmorency,Le Sud-Ouest,7,14,Friday,16,102,21.3,0
Parc Kirkland (des Érables / Boyer),Lachine,6,23,Friday,0,15,23.7,0.2
Centre ÉPIC (St-Zotique / 40e avenue),Rosemont - La Petite-Patrie,9,28,Thursday,11,44,15.1,0
Liébert / Hochelaga,Mercier - Hochelaga-Maisonneuve,9,19,Tuesday,2,11,15.6,0.9
Cartier / Dandurand,Rosemont - La Petite-Patrie,10,4,Wednesday,18,76,23.7,0
Fortune / Wellington,Le Sud-Ouest,9,11,Monday,16,57,18.3,0
Boyer / Rosemont,Rosemont - La Petite-Patrie,8,12,Saturday,15,146,19.9,20.3
Graham / Brookfield,Mont-Royal,8,29,Tuesday,9,31,21.5,0
1ère avenue / Rosemont,Rosemont - La Petite-Patrie,10,10,Tuesday,16,53,10.7,0.2
IUSMM (Georges-Villeneuve),Mercier - Hochelaga-Maisonneuve,5,19,Friday,4,11,15.2,0
Beaubien / 8e avenue,Rosemont - La Petite-Patrie,10,3,Tuesday,12,68,21.9,0
Parc Stoney-Point (St-Joseph / 47e avenue),Lachine,10,18,Wednesday,0,3,12.1,0
Marché Jean-Talon (Henri-Julien / Jean-Talon),Rosemont - La Petite-Patrie,7,16,Sunday,6,166,24.2,12.7
Duchesneau / de Marseille,Mercier - Hochelaga-Maisonneuve,7,8,Saturday,1,15,25,0
Parc Summerlea (53e avenue / St-Joseph),Lachine,5,29,Monday,0,2,18,0
Molson / Beaubien,Rosemont - La Petite-Patrie,5,9,Tuesday,10,55,10.2,0
Monsabré / Boileau,Mercier - Hochelaga-Maisonneuve,10,6,Friday,4,17,20.3,31.3
Bourgeoys / Favard,Le Sud-Ouest,10,24,Tuesday,14,44,8,4.6
de Gaspé / Beaubien,Rosemont - La Petite-Patrie,8,10,Thursday,9,97,21.3,15.2
8e avenue / Dandurand,Rosemont - La Petite-Patrie,9,19,Tuesday,10,42,15.6,0.9
Parc Summerlea (53e avenue / St-Joseph),Lachine,9,26,Tuesday,0,4,13.9,0.2
Mozart / Waverly,Rosemont - La Petite-Patrie,9,14,Thursday,9,56,13.9,0
Parc Grovehill (St-Antoine / Ivan-Franko),Lachine,9,27,Wednesday,2,4,13.8,0
Parc LaSalle (10e avenue / Victoria),Lachine,7,19,Wednesday,1,11,21.8,0
Métro Assomption (Chauveau / de l'Assomption),Mercier - Hochelaga-Maisonneuve,10,14,Saturday,0,20,10.6,0
Dézéry / Ontario,Mercier - Hochelaga-Maisonneuve,7,29,Saturday,12,108,16.2,0.2
Egan / Laurendeau,Le Sud-Ouest,9,8,Friday,6,27,22.3,0
Shearer / Centre,Le Sud-Ouest,8,18,Friday,2,43,20.2,6.4
10e avenue / Masson,Rosemont - La Petite-Patrie,10,21,Saturday,0,74,11.6,14.6
de Gaspé / Dante,Rosemont - La Petite-Patrie,9,8,Friday,12,71,22.3,0
Parc du Pélican (2e avenue / St-Joseph),Rosemont - La Petite-Patrie,6,14,Wednesday,26,69,18.2,0
Jeanne-Mance / Beaubien,Rosemont - La Petite-Patrie,8,8,Tuesday,8,63,22,6.6
de Gaspé / Dante,Rosemont - La Petite-Patrie,10,9,Monday,2,15,10.5,0.4
Drolet / St-Zotique,Rosemont - La Petite-Patrie,10,5,Thursday,9,90,23.1,0
du Mont-Royal / Augustin-Frigon,Rosemont - La Petite-Patrie,5,30,Tuesday,22,90,19.3,0
St-Charles / Thomas-Keefer,Le Sud-Ouest,9,1,Friday,17,175,18.1,0
Marché Jean-Talon (Henri-Julien / Jean-Talon),Rosemont - La Petite-Patrie,9,22,Friday,17,120,16.1,0.5
Graham / Wicksteed,Mont-Royal,6,9,Friday,4,36,15.3,0
de Gaspé / Dante,Rosemont - La Petite-Patrie,6,6,Tuesday,10,48,16.7,0.3
Nicolet / Sherbrooke,Mercier - Hochelaga-Maisonneuve,9,19,Tuesday,14,53,15.6,0.9
Graham / Kindersley,Mont-Royal,7,2,Sunday,2,27,23.3,2.1
de St-Vallier / St-Zotique,Rosemont - La Petite-Patrie,10,26,Thursday,7,62,16.1,5.8
Mozart / Waverly,Rosemont - La Petite-Patrie,5,28,Sunday,3,58,23.3,0
St-Joseph / 8e avenue Lachine,Lachine,5,20,Saturday,2,27,18.4,3.2
Richardson / Montmorency,Le Sud-Ouest,9,18,Monday,12,75,17,0.5
Dézéry / Ontario,Mercier - Hochelaga-Maisonneuve,6,12,Monday,23,86,24.2,0.3
Métro Beaubien (de Chateaubriand / Beaubien),Rosemont - La Petite-Patrie,5,15,Monday,34,178,15.6,0
Bel Air / St-Antoine,Le Sud-Ouest,6,16,Friday,4,23,19.8,0
Parc Père-Marquette (Chambord / Rosemont),Rosemont - La Petite-Patrie,10,1,Sunday,13,190,18.8,0
27e avenue / Rosemont,Rosemont - La Petite-Patrie,6,17,Saturday,3,27,15.3,5.3
Métro Monk (Allard / Beaulieu),Le Sud-Ouest,7,3,Monday,10,74,24.1,0
Fortune / Wellington,Le Sud-Ouest,9,1,Friday,21,69,18.1,0
Parc LaSalle (10e avenue / Victoria),Lachine,5,14,Sunday,0,23,10.9,0
Dézéry / Ontario,Mercier - Hochelaga-Maisonneuve,6,9,Friday,20,102,15.3,0
de Chambly / Rachel,Rosemont - La Petite-Patrie,9,13,Wednesday,14,62,19.7,8.5
Parc Lalancette (de Rouen / Valois),Mercier - Hochelaga-Maisonneuve,6,30,Friday,7,95,22.8,0
Boyer / Bélanger,Rosemont - La Petite-Patrie,5,14,Sunday,4,77,10.9,0
Métro Beaubien (de Chateaubriand / Beaubien),Rosemont - La Petite-Patrie,7,22,Saturday,10,274,21.2,0
Parc Summerlea (53e avenue / St-Joseph),Lachine,6,25,Sunday,0,12,22.2,0
Métro Radisson (Sherbrooke / des Groseilliers),Mercier - Hochelaga-Maisonneuve,9,16,Saturday,4,38,17.6,0
Duvernay / Charlevoix,Le Sud-Ouest,7,22,Saturday,5,102,21.2,0
André-Laurendeau / Rachel,Rosemont - La Petite-Patrie,8,14,Monday,15,160,20.4,0
19e avenue / St-Zotique,Rosemont - La Petite-Patrie,8,1,Tuesday,7,62,15.6,0
André-Laurendeau / Rachel,Rosemont - La Petite-Patrie,8,9,Wednesday,21,126,22.1,0
Ste-Claire / Pierre-Tétreault,Mercier - Hochelaga-Maisonneuve,6,9,Friday,2,12,15.3,0
d'Orléans / Masson,Rosemont - La Petite-Patrie,6,29,Thursday,11,61,20.3,4.7
Graham / Brookfield,Mont-Royal,8,26,Saturday,6,40,19.7,0.8
Parc Kirkland (des Érables / Boyer),Lachine,6,30,Friday,3,16,22.8,0
Ernest-Gendreau / du Mont-Royal,Rosemont - La Petite-Patrie,9,5,Tuesday,11,55,26.5,0
Boyer / Rosemont,Rosemont - La Petite-Patrie,10,18,Wednesday,18,136,12.1,0
Centre ÉPIC (St-Zotique / 40e avenue),Rosemont - La Petite-Patrie,5,10,Wednesday,8,50,15,0
1ère avenue / Rosemont,Rosemont - La Petite-Patrie,6,6,Tuesday,15,62,16.7,0.3
Métro Assomption (Chauveau / de l'Assomption),Mercier - Hochelaga-Maisonneuve,9,29,Friday,5,31,15.7,0
Brittany / Ainsley,Mont-Royal,7,27,Thursday,0,25,22.3,27.6
IUSMM (Georges-Villeneuve),Mercier - Hochelaga-Maisonneuve,7,15,Saturday,0,6,22.8,0.3
St-Antoine / 19e avenue,Lachine,5,2,Tuesday,1,3,9.9,3.8
Parc Summerlea (53e avenue / St-Joseph),Lachine,5,30,Tuesday,0,4,19.3,0
41e avenue / Rosemont,Rosemont - La Petite-Patrie,10,30,Monday,1,6,2.5,8
35e avenue / Beaubien,Rosemont - La Petite-Patrie,5,8,Monday,7,28,12.4,0.4
Jeanne-Mance / Beaubien,Rosemont - La Petite-Patrie,7,10,Monday,6,33,20.9,10.2
7e avenue / St-Joseph Rosemont,Rosemont - La Petite-Patrie,8,24,Thursday,26,78,20.8,4.1
Bibliothèque et Complexe aquatique Rosemont (8e avenue / Rosemont),Rosemont - La Petite-Patrie,5,8,Monday,16,57,12.4,0.4
Ernest-Gendreau / du Mont-Royal,Rosemont - La Petite-Patrie,10,9,Monday,0,11,10.5,0.4
Ernest-Gendreau / du Mont-Royal,Rosemont - La Petite-Patrie,9,30,Saturday,4,44,17.3,0.5
Letourneux / Ste-Catherine,Mercier - Hochelaga-Maisonneuve,7,26,Wednesday,16,64,24.9,0
Fortune / Wellington,Le Sud-Ouest,6,13,Tuesday,3,38,19,13.8
Ryde / Charlevoix,Le Sud-Ouest,10,4,Wednesday,22,74,23.7,0
10e avenue / Masson,Rosemont - La Petite-Patrie,6,7,Wednesday,15,129,13.7,3.7
Bibliothèque et Complexe aquatique Rosemont (8e avenue / Rosemont),Rosemont - La Petite-Patrie,6,14,Wednesday,14,79,18.2,0
des Érables / Bélanger,Rosemont - La Petite-Patrie,6,18,Sunday,0,29,16.5,0
de Grosbois / Duchesneau,Mercier - Hochelaga-Maisonneuve,10,20,Friday,4,16,15.5,0
29e avenue / St-Zotique,Rosemont - La Petite-Patrie,9,27,Wednesday,13,33,13.8,0
Fabre / St-Zotique,Rosemont - La Petite-Patrie,9,10,Sunday,4,83,17,11.2
Métro Langelier (Langelier / Sherbrooke),Mercier - Hochelaga-Maisonneuve,8,24,Thursday,3,45,20.8,4.1
Graham / Kindersley,Mont-Royal,5,14,Sunday,1,39,10.9,0
Cartier / Rosemont,Rosemont - La Petite-Patrie,8,10,Thursday,5,59,21.3,15.2
Rose-de-Lima / Workman,Le Sud-Ouest,8,23,Wednesday,7,43,18.7,0.5
Rose-de-Lima / Workman,Le Sud-Ouest,6,28,Wednesday,6,40,19.9,8.1
Liébert / Hochelaga,Mercier - Hochelaga-Maisonneuve,8,5,Saturday,0,28,20,0
Bibliothèque et Complexe aquatique Rosemont (8e avenue / Rosemont),Rosemont - La Petite-Patrie,5,18,Thursday,13,61,7.6,0
Shearer / Centre,Le Sud-Ouest,5,10,Wednesday,7,46,15,0
Molson / Beaubien,Rosemont - La Petite-Patrie,7,27,Thursday,3,62,22.3,27.6
Henri-Julien / de Bellechasse,Rosemont - La Petite-Patrie,9,19,Tuesday,10,31,15.6,0.9
Ernest-Gendreau / du Mont-Royal,Rosemont - La Petite-Patrie,7,9,Sunday,3,33,24,3.8
35e avenue / Beaubien,Rosemont - La Petite-Patrie,6,8,Thursday,0,20,14.3,0.5
Métro Radisson (Sherbrooke / des Groseilliers),Mercier - Hochelaga-Maisonneuve,9,7,Thursday,6,45,26.1,0
Cartier / Dandurand,Rosemont - La Petite-Patrie,9,22,Friday,13,78,16.1,0.5
Cartier / Bélanger,Rosemont - La Petite-Patrie,6,13,Tuesday,1,36,19,13.8
35e avenue / Beaubien,Rosemont - La Petite-Patrie,5,30,Tuesday,13,42,19.3,0
Letourneux / Ste-Catherine,Mercier - Hochelaga-Maisonneuve,6,7,Wednesday,13,45,13.7,3.7
des Ormeaux / de Grosbois,Mercier - Hochelaga-Maisonneuve,7,10,Monday,2,8,20.9,10.2
Valois / Ste-Catherine,Mercier - Hochelaga-Maisonneuve,7,13,Thursday,12,58,23,36.1
Liébert / Hochelaga,Mercier - Hochelaga-Maisonneuve,8,8,Tuesday,1,29,22,6.6
Gare Lachine (Sir George Simpson / 48e avenue),Lachine,9,6,Wednesday,0,2,26.9,0
Cartier / Rosemont,Rosemont - La Petite-Patrie,10,2,Monday,11,52,16.3,0.6
des Ormeaux / Notre-Dame,Mercier - Hochelaga-Maisonneuve,9,7,Thursday,0,10,26.1,0
des Ormeaux / de Grosbois,Mercier - Hochelaga-Maisonneuve,5,20,Saturday,0,7,18.4,3.2
Marché Jean-Talon (Henri-Julien / Jean-Talon),Rosemont - La Petite-Patrie,8,10,Thursday,20,96,21.3,15.2
Parc LaSalle (10e avenue / Victoria),Lachine,7,16,Sunday,0,1,24.2,12.7
Duchesneau / de Marseille,Mercier - Hochelaga-Maisonneuve,9,28,Thursday,4,18,15.1,0
Cartier / Bélanger,Rosemont - La Petite-Patrie,10,5,Thursday,17,66,23.1,0
Parc St-Louis (St-Joseph / 34e avenue),Lachine,8,4,Friday,0,6,21.4,3.1
Métro Beaubien (de Chateaubriand / Beaubien),Rosemont - La Petite-Patrie,6,29,Thursday,15,191,20.3,4.7
Turgeon / Notre-Dame,Le Sud-Ouest,6,8,Thursday,9,79,14.3,0.5
Mozart / Waverly,Rosemont - La Petite-Patrie,10,18,Wednesday,11,41,12.1,0
Richardson / Montmorency,Le Sud-Ouest,10,19,Thursday,14,98,13.8,0.4
Souligny / Desmarteau,Mercier - Hochelaga-Maisonneuve,10,8,Sunday,0,3,11.4,5.1
André-Laurendeau / Rachel,Rosemont - La Petite-Patrie,9,2,Saturday,6,161,20.3,0
Graham / Kindersley,Mont-Royal,7,11,Tuesday,2,21,24.3,5.5
de St-Vallier / St-Zotique,Rosemont - La Petite-Patrie,10,12,Thursday,21,73,10.7,0
de Chambly / Rachel,Rosemont - La Petite-Patrie,8,29,Tuesday,21,92,21.5,0
Bibliothèque et Complexe aquatique Rosemont (8e avenue / Rosemont),Rosemont - La Petite-Patrie,7,28,Friday,10,67,23.9,23.4
St-Germain / Hochelaga,Mercier - Hochelaga-Maisonneuve,7,28,Friday,3,32,23.9,23.4
Monsabré / Boileau,Mercier - Hochelaga-Maisonneuve,5,1,Monday,0,8,9.3,13.7
Graham / Wicksteed,Mont-Royal,9,3,Sunday,3,36,23.4,0
St-Dominique / de Bellechasse,Rosemont - La Petite-Patrie,5,3,Wednesday,8,51,8.1,1.2
Métro Monk (Allard / Beaulieu),Le Sud-Ouest,10,9,Monday,0,33,10.5,0.4
41e avenue / Rosemont,Rosemont - La Petite-Patrie,10,27,Friday,2,18,17.2,0.3
26e avenue / Beaubien,Rosemont - La Petite-Patrie,7,7,Friday,9,59,24.3,0.5
Richardson / Montmorency,Le Sud-Ouest,8,22,Tuesday,14,111,18.7,0
Bibliothèque et Complexe aquatique Rosemont (8e avenue / Rosemont),Rosemont - La Petite-Patrie,7,16,Sunday,1,58,24.2,12.7
d'Orléans / Masson,Rosemont - La Petite-Patrie,8,3,Thursday,11,73,20.8,7.2
10e avenue / Masson,Rosemont - La Petite-Patrie,7,7,Friday,21,222,24.3,0.5
Métro Jolicoeur (de Sève / Drake),Le Sud-Ouest,10,28,Saturday,5,48,12.1,0.3
de Gaspé / Dante,Rosemont - La Petite-Patrie,7,29,Saturday,8,52,16.2,0.2
Louis-Hébert / St-Zotique,Rosemont - La Petite-Patrie,7,19,Wednesday,6,38,21.8,0
Rose-de-Lima / Workman,Le Sud-Ouest,8,19,Saturday,2,38,17.3,6.7
de Bordeaux / St-Zotique,Rosemont - La Petite-Patrie,9,29,Friday,13,58,15.7,0
Parc Lalancette (de Rouen / Valois),Mercier - Hochelaga-Maisonneuve,9,18,Monday,10,60,17,0.5
Nicolet / Sherbrooke,Mercier - Hochelaga-Maisonneuve,6,10,Saturday,4,26,17.6,0
Boyer / Bélanger,Rosemont - La Petite-Patrie,7,12,Wednesday,10,127,21.9,0
de Bellechasse / de St-Vallier,Rosemont - La Petite-Patrie,5,8,Monday,10,71,12.4,0.4
Rosemont / Viau,Rosemont - La Petite-Patrie,5,6,Saturday,2,99,15.6,0
Métro Beaubien (de Chateaubriand / Beaubien),Rosemont - La Petite-Patrie,8,31,Thursday,39,272,15.2,0
7e avenue / St-Joseph Rosemont,Rosemont - La Petite-Patrie,10,18,Wednesday,22,62,12.1,0
Beaubien / 8e avenue,Rosemont - La Petite-Patrie,10,5,Thursday,17,65,23.1,0
Parc Honoré-Mercier (Notre-Dame / Liébert),Mercier - Hochelaga-Maisonneuve,7,22,Saturday,0,30,21.2,0
Parc St-Louis (St-Joseph / 34e avenue),Lachine,9,19,Tuesday,1,5,15.6,0.9
3e avenue / Holt,Rosemont - La Petite-Patrie,8,31,Thursday,18,53,15.2,0
10e avenue / Masson,Rosemont - La Petite-Patrie,9,10,Sunday,6,155,17,11.2
Ernest-Gendreau / du Mont-Royal,Rosemont - La Petite-Patrie,9,1,Friday,7,41,18.1,0
Ste-Claire / Pierre-Tétreault,Mercier - Hochelaga-Maisonneuve,5,20,Saturday,0,4,18.4,3.2
de Gaspé / Beaubien,Rosemont - La Petite-Patrie,5,30,Tuesday,11,109,19.3,0
Bourbonnière / du Mont-Royal,Rosemont - La Petite-Patrie,8,4,Friday,9,75,21.4,3.1
Graham / Brookfield,Mont-Royal,6,21,Wednesday,7,36,20.8,0.2
Métro Beaubien (de Chateaubriand / Beaubien),Rosemont - La Petite-Patrie,8,17,Thursday,47,315,23.3,0.2
Cartier / Dandurand,Rosemont - La Petite-Patrie,9,20,Wednesday,21,79,15.7,0
St-Joseph / 8e avenue Lachine,Lachine,5,5,Friday,0,35,11.8,0
St-Antoine / 19e avenue,Lachine,7,23,Sunday,0,3,22.3,0
Henri-Julien / de Bellechasse,Rosemont - La Petite-Patrie,9,4,Monday,4,39,24.6,0
Jeanne-d'Arc / Ontario,Mercier - Hochelaga-Maisonneuve,8,26,Saturday,8,137,19.7,0.8
5e avenue / Masson,Rosemont - La Petite-Patrie,8,1,Tuesday,22,136,15.6,0
19e avenue / St-Zotique,Rosemont - La Petite-Patrie,5,25,Thursday,9,53,11.7,0
Chabot / de Bellechasse,Rosemont - La Petite-Patrie,5,23,Tuesday,18,62,13.7,0
de Gaspé / Beaubien,Rosemont - La Petite-Patrie,8,14,Monday,9,81,20.4,0
de Chambly / Rachel,Rosemont - La Petite-Patrie,9,9,Saturday,9,89,18.1,0
Boyer / Bélanger,Rosemont - La Petite-Patrie,6,24,Saturday,2,79,22.8,22.5
Ernest-Gendreau / du Mont-Royal,Rosemont - La Petite-Patrie,8,19,Saturday,8,28,17.3,6.7
Dubois / Eadie,Le Sud-Ouest,10,20,Friday,10,38,15.5,0
Parc Père-Marquette (Chambord / Rosemont),Rosemont - La Petite-Patrie,5,15,Monday,17,93,15.6,0
Ontario / Sicard,Mercier - Hochelaga-Maisonneuve,7,8,Saturday,11,63,25,0
Rosemont / Viau,Rosemont - La Petite-Patrie,6,20,Tuesday,5,46,18.8,0
d'Orléans / Hochelaga,Mercier - Hochelaga-Maisonneuve,7,7,Friday,11,48,24.3,0.5
Fortune / Wellington,Le Sud-Ouest,8,3,Thursday,4,47,20.8,7.2
Métro Honoré-Beaugrand (Sherbrooke / Honoré-Beaugrand),Mercier - Hochelaga-Maisonneuve,10,11,Wednesday,4,42,10.3,1.8
Parc Honoré-Mercier (Notre-Dame / Liébert),Mercier - Hochelaga-Maisonneuve,9,23,Saturday,1,24,16,0.2
de Léry / Sherbrooke,Mercier - Hochelaga-Maisonneuve,7,17,Monday,3,47,25.2,0
Métro Jolicoeur (de Sève / Drake),Le Sud-Ouest,6,8,Thursday,8,50,14.3,0.5
5e avenue / Rosemont,Rosemont - La Petite-Patrie,5,24,Wednesday,11,36,11.9,7.2
Fortune / Wellington,Le Sud-Ouest,7,28,Friday,11,43,23.9,23.4
de Gaspé / Dante,Rosemont - La Petite-Patrie,7,7,Friday,8,45,24.3,0.5
St-Germain / Hochelaga,Mercier - Hochelaga-Maisonneuve,8,25,Friday,2,30,18.3,1.1
7e avenue / St-Joseph Rosemont,Rosemont - La Petite-Patrie,6,10,Saturday,8,73,17.6,0
Beaubien / 8e avenue,Rosemont - La Petite-Patrie,6,29,Thursday,4,60,20.3,4.7
Richardson / Montmorency,Le Sud-Ouest,10,25,Wednesday,9,85,14.9,3.3
Graham / Kindersley,Mont-Royal,7,24,Monday,5,28,24,0
Valois / Ste-Catherine,Mercier - Hochelaga-Maisonneuve,5,18,Thursday,15,65,7.6,0
Peel / Ottawa,Le Sud-Ouest,7,1,Saturday,18,182,22.6,27.2
Fabre / St-Zotique,Rosemont - La Petite-Patrie,6,23,Friday,15,112,23.7,0.2
8e avenue / Notre-Dame Lachine,Lachine,10,29,Sunday,0,5,4.7,1
Brittany / Ainsley,Mont-Royal,7,30,Sunday,1,22,17.8,6.6
Boyer / Rosemont,Rosemont - La Petite-Patrie,9,15,Friday,27,178,14.9,0
Ontario / Sicard,Mercier - Hochelaga-Maisonneuve,8,28,Monday,8,69,18.9,0
Parc Honoré-Mercier (Notre-Dame / Liébert),Mercier - Hochelaga-Maisonneuve,9,24,Sunday,0,32,18.5,0
Mozart / Waverly,Rosemont - La Petite-Patrie,5,5,Friday,9,52,11.8,0
5e avenue / Masson,Rosemont - La Petite-Patrie,7,3,Monday,21,132,24.1,0
Bourgeoys / Favard,Le Sud-Ouest,8,1,Tuesday,14,68,15.6,0
Drolet / Beaubien,Rosemont - La Petite-Patrie,9,8,Friday,6,119,22.3,0
Parc Félix-Leclerc (François-Boivin / St-Zotique),Mercier - Hochelaga-Maisonneuve,10,14,Saturday,1,13,10.6,0
Laird / Glencoe,Mont-Royal,8,13,Sunday,1,16,21.8,0
Bélanger / St-Denis,Rosemont - La Petite-Patrie,10,28,Saturday,5,159,12.1,0.3
26e avenue / Beaubien,Rosemont - La Petite-Patrie,7,21,Friday,5,51,21.9,26
Métro Beaubien (de Chateaubriand / Beaubien),Rosemont - La Petite-Patrie,7,1,Saturday,16,184,22.6,27.2
St-Joseph / 8e avenue Lachine,Lachine,9,26,Tuesday,1,15,13.9,0.2
Rose-de-Lima / Workman,Le Sud-Ouest,5,6,Saturday,1,58,15.6,0
Parc Maisonneuve (Viau / Sherbrooke),Rosemont - La Petite-Patrie,9,12,Tuesday,5,74,18.3,0
Fabre / St-Zotique,Rosemont - La Petite-Patrie,10,27,Friday,9,60,17.2,0.3
St-Charles / Thomas-Keefer,Le Sud-Ouest,9,25,Monday,9,87,16.3,0
Parc Stoney-Point (St-Joseph / 47e avenue),Lachine,6,30,Friday,1,11,22.8,0
Parc Père-Marquette (Chambord / Rosemont),Rosemont - La Petite-Patrie,7,10,Monday,23,77,20.9,10.2
Jeanne-d'Arc / Ontario,Mercier - Hochelaga-Maisonneuve,6,29,Thursday,9,117,20.3,4.7
Chabot / de Bellechasse,Rosemont - La Petite-Patrie,7,8,Saturday,9,91,25,0
12e avenue / St-Zotique,Rosemont - La Petite-Patrie,10,13,Friday,14,48,11.5,0
des Érables / Bélanger,Rosemont - La Petite-Patrie,8,20,Sunday,5,39,20.9,0
27e avenue / Rosemont,Rosemont - La Petite-Patrie,8,10,Thursday,5,20,21.3,15.2
Boyer / Rosemont,Rosemont - La Petite-Patrie,7,30,Sunday,9,156,17.8,6.6
Graham / Brookfield,Mont-Royal,7,31,Monday,1,22,17.5,3.2
Peel / Ottawa,Le Sud-Ouest,8,1,Tuesday,49,274,15.6,0
7e avenue / St-Joseph Rosemont,Rosemont - La Petite-Patrie,5,5,Friday,20,60,11.8,0
Graham / Kindersley,Mont-Royal,8,29,Tuesday,6,36,21.5,0
5e avenue / Rosemont,Rosemont - La Petite-Patrie,8,15,Tuesday,9,41,21.2,0.5
Ryde / Charlevoix,Le Sud-Ouest,5,28,Sunday,10,58,23.3,0
Drolet / St-Zotique,Rosemont - La Petite-Patrie,7,22,Saturday,4,77,21.2,0
Parc Honoré-Mercier (Notre-Dame / Liébert),Mercier - Hochelaga-Maisonneuve,10,9,Monday,1,5,10.5,0.4
de Bellechasse / de St-Vallier,Rosemont - La Petite-Patrie,8,23,Wednesday,18,139,18.7,0.5
Hamilton / Jolicoeur,Le Sud-Ouest,9,1,Friday,9,44,18.1,0
de Gaspé / Dante,Rosemont - La Petite-Patrie,7,9,Sunday,2,72,24,3.8
Louis-Hémon / Rosemont,Rosemont - La Petite-Patrie,9,14,Thursday,19,78,13.9,0
Drolet / St-Zotique,Rosemont - La Petite-Patrie,7,4,Tuesday,16,72,24.1,3.8
de Gaspé / Beaubien,Rosemont - La Petite-Patrie,5,11,Thursday,11,109,17.9,0
Du Quesne / de Marseille,Mercier - Hochelaga-Maisonneuve,9,9,Saturday,3,25,18.1,0
Métro Assomption (Chauveau / de l'Assomption),Mercier - Hochelaga-Maisonneuve,9,7,Thursday,4,43,26.1,0
12e avenue / St-Zotique,Rosemont - La Petite-Patrie,5,8,Monday,8,22,12.4,0.4
Laird / Glencoe,Mont-Royal,6,27,Tuesday,2,22,23.3,7.2
St-Antoine / 19e avenue,Lachine,8,22,Tuesday,0,5,18.7,0
Métro Honoré-Beaugrand (Sherbrooke / Honoré-Beaugrand),Mercier - Hochelaga-Maisonneuve,8,18,Friday,2,48,20.2,6.4
41e avenue / Rosemont,Rosemont - La Petite-Patrie,8,18,Friday,1,21,20.2,6.4
Boyer / Rosemont,Rosemont - La Petite-Patrie,10,7,Saturday,7,58,13.4,63
Parc Père-Marquette (Chambord / Rosemont),Rosemont - La Petite-Patrie,10,29,Sunday,2,87,4.7,1
Louis-Hébert / de Bellechasse,Rosemont - La Petite-Patrie,5,13,Saturday,8,45,13.5,0
Parc du Pélican (2e avenue / St-Joseph),Rosemont - La Petite-Patrie,8,15,Tuesday,13,80,21.2,0.5
de Grosbois / Duchesneau,Mercier - Hochelaga-Maisonneuve,6,19,Monday,6,18,17.5,0
1ère  avenue / St-Zotique,Rosemont - La Petite-Patrie,5,27,Saturday,6,43,19.5,0
Métro Honoré-Beaugrand (Sherbrooke / Honoré-Beaugrand),Mercier - Hochelaga-Maisonneuve,6,30,Friday,5,32,22.8,0
Chabot / de Bellechasse,Rosemont - La Petite-Patrie,6,12,Monday,15,80,24.2,0.3
Graham / Kindersley,Mont-Royal,7,21,Friday,4,23,21.9,26
Chabot / de Bellechasse,Rosemont - La Petite-Patrie,8,20,Sunday,4,77,20.9,0
Duchesneau / de Marseille,Mercier - Hochelaga-Maisonneuve,6,5,Monday,2,15,16.4,0
Métro Radisson (Sherbrooke / des Groseilliers),Mercier - Hochelaga-Maisonneuve,5,7,Sunday,2,36,16.5,0
Drolet / Beaubien,Rosemont - La Petite-Patrie,6,21,Wednesday,16,100,20.8,0.2
29e avenue / St-Zotique,Rosemont - La Petite-Patrie,10,3,Tuesday,9,38,21.9,0
Métro Radisson (Sherbrooke / des Groseilliers),Mercier - Hochelaga-Maisonneuve,5,26,Friday,1,28,13.9,0
Parc St-Louis (St-Joseph / 34e avenue),Lachine,8,29,Tuesday,0,7,21.5,0
Bélanger / St-Denis,Rosemont - La Petite-Patrie,10,7,Saturday,2,37,13.4,63
16e avenue / St-Joseph,Rosemont - La Petite-Patrie,5,9,Tuesday,27,71,10.2,0
Chambord / Beaubien,Rosemont - La Petite-Patrie,7,3,Monday,7,73,24.1,0
St-Germain / Hochelaga,Mercier - Hochelaga-Maisonneuve,8,20,Sunday,1,26,20.9,0
de Grosbois / Duchesneau,Mercier - Hochelaga-Maisonneuve,9,12,Tuesday,3,13,18.3,0
Graham / Wicksteed,Mont-Royal,5,2,Tuesday,3,18,9.9,3.8
12e avenue / St-Zotique,Rosemont - La Petite-Patrie,5,18,Thursday,10,36,7.6,0
Peel / Ottawa,Le Sud-Ouest,8,4,Friday,21,227,21.4,3.1
Graham / Wicksteed,Mont-Royal,8,1,Tuesday,5,31,15.6,0
Duvernay / Charlevoix,Le Sud-Ouest,9,7,Thursday,23,106,26.1,0
Métro Rosemont (de St-Vallier / Rosemont),Rosemont - La Petite-Patrie,9,26,Tuesday,26,149,13.9,0.2
Graham / Kindersley,Mont-Royal,10,18,Wednesday,9,22,12.1,0
Ann / Wellington,Le Sud-Ouest,5,20,Saturday,5,88,18.4,3.2
Parc Grovehill (St-Antoine / Ivan-Franko),Lachine,8,31,Thursday,1,5,15.2,0
Duvernay / Charlevoix,Le Sud-Ouest,9,27,Wednesday,19,89,13.8,0
27e avenue / Rosemont,Rosemont - La Petite-Patrie,10,14,Saturday,3,37,10.6,0
Pierre-de-Coubertin / Langelier,Mercier - Hochelaga-Maisonneuve,10,6,Friday,4,19,20.3,31.3
Parc St-Paul (Le Caron / Marc-Sauvalle),Le Sud-Ouest,5,15,Monday,11,40,15.6,0
Bourget / St-Jacques,Le Sud-Ouest,9,9,Saturday,9,38,18.1,0
Chambord / Beaubien,Rosemont - La Petite-Patrie,6,12,Monday,27,118,24.2,0.3
Graham / Wicksteed,Mont-Royal,9,19,Tuesday,3,25,15.6,0.9
1ère avenue / Rosemont,Rosemont - La Petite-Patrie,5,10,Wednesday,13,75,15,0
St-Joseph / 8e avenue Lachine,Lachine,8,9,Wednesday,0,21,22.1,0
de Gaspé / Beaubien,Rosemont - La Petite-Patrie,8,7,Monday,17,113,20.5,2.8
Louis-Hémon / Rosemont,Rosemont - La Petite-Patrie,10,21,Saturday,4,42,11.6,14.6
Parc Père-Marquette (Chambord / Rosemont),Rosemont - La Petite-Patrie,10,12,Thursday,36,116,10.7,0
Centre ÉPIC (St-Zotique / 40e avenue),Rosemont - La Petite-Patrie,10,22,Sunday,1,6,7.4,8.4
Cartier / Dandurand,Rosemont - La Petite-Patrie,8,1,Tuesday,13,61,15.6,0
Ontario / Sicard,Mercier - Hochelaga-Maisonneuve,8,27,Sunday,5,62,18.5,0.2
André-Laurendeau / Rachel,Rosemont - La Petite-Patrie,8,31,Thursday,27,153,15.2,0
Jeanne-Mance / Beaubien,Rosemont - La Petite-Patrie,5,13,Saturday,3,51,13.5,0
St-Antoine / 19e avenue,Lachine,10,27,Friday,0,3,17.2,0.3
St-Dominique / St-Zotique,Rosemont - La Petite-Patrie,5,16,Tuesday,12,84,9.2,4.5
Parc Maisonneuve (Viau / Sherbrooke),Rosemont - La Petite-Patrie,8,9,Wednesday,13,114,22.1,0
Augustin-Cantin / Shearer,Le Sud-Ouest,10,12,Thursday,24,93,10.7,0
Parc Père-Marquette (Chambord / Rosemont),Rosemont - La Petite-Patrie,6,11,Sunday,5,154,20.3,0
Chabot / de Bellechasse,Rosemont - La Petite-Patrie,10,1,Sunday,12,94,18.8,0
Métro Beaubien (de Chateaubriand / Beaubien),Rosemont - La Petite-Patrie,8,28,Monday,37,274,18.9,0
Souligny / Desmarteau,Mercier - Hochelaga-Maisonneuve,6,12,Monday,3,6,24.2,0.3
Boyer / St-Zotique,Rosemont - La Petite-Patrie,8,13,Sunday,5,114,21.8,0
Bel Air / St-Antoine,Le Sud-Ouest,5,15,Monday,1,12,15.6,0
du Mont-Royal / Augustin-Frigon,Rosemont - La Petite-Patrie,9,15,Friday,21,105,14.9,0
16e avenue / St-Joseph,Rosemont - La Petite-Patrie,9,26,Tuesday,18,63,13.9,0.2
Cartier / Dandurand,Rosemont - La Petite-Patrie,10,28,Saturday,5,71,12.1,0.3
Rosemont / Viau,Rosemont - La Petite-Patrie,5,10,Wednesday,8,43,15,0
Letourneux / Hochelaga,Mercier - Hochelaga-Maisonneuve,6,27,Tuesday,13,41,23.3,7.2
41e avenue / Rosemont,Rosemont - La Petite-Patrie,8,28,Monday,2,22,18.9,0
5e avenue / Masson,Rosemont - La Petite-Patrie,10,13,Friday,32,110,11.5,0
Desjardins / Ontario,Mercier - Hochelaga-Maisonneuve,6,28,Wednesday,14,57,19.9,8.1
41e avenue / Victoria,Lachine,8,5,Saturday,0,1,20,0
des Ormeaux / de Grosbois,Mercier - Hochelaga-Maisonneuve,7,2,Sunday,1,10,23.3,2.1
8e avenue / Dandurand,Rosemont - La Petite-Patrie,6,14,Wednesday,17,44,18.2,0
Marché Jean-Talon (Henri-Julien / Jean-Talon),Rosemont - La Petite-Patrie,10,10,Tuesday,9,55,10.7,0.2
12e avenue / St-Zotique,Rosemont - La Petite-Patrie,10,10,Tuesday,15,39,10.7,0.2
Letourneux / Hochelaga,Mercier - Hochelaga-Maisonneuve,8,7,Monday,6,28,20.5,2.8
Métro Radisson (Sherbrooke / des Groseilliers),Mercier - Hochelaga-Maisonneuve,8,19,Saturday,2,8,17.3,6.7
Parc St-Paul (Le Caron / Marc-Sauvalle),Le Sud-Ouest,5,30,Tuesday,15,52,19.3,0
Rose-de-Lima / Workman,Le Sud-Ouest,9,4,Monday,4,47,24.6,0
St-Germain / Hochelaga,Mercier - Hochelaga-Maisonneuve,8,24,Thursday,13,40,20.8,4.1
Darling / Sherbrooke,Rosemont - La Petite-Patrie,9,18,Monday,12,57,17,0.5
Chambord / Beaubien,Rosemont - La Petite-Patrie,9,19,Tuesday,12,65,15.6,0.9
Lionel-Groulx / George-Vanier,Le Sud-Ouest,10,27,Friday,11,24,17.2,0.3
Desjardins / Ontario,Mercier - Hochelaga-Maisonneuve,7,4,Tuesday,15,88,24.1,3.8
Cartier / Dandurand,Rosemont - La Petite-Patrie,7,16,Sunday,6,72,24.2,12.7
Bel Air / St-Antoine,Le Sud-Ouest,6,2,Friday,4,22,22.7,0
Louis-Hébert / de Bellechasse,Rosemont - La Petite-Patrie,7,29,Saturday,6,67,16.2,0.2
Métro Préfontaine (Moreau / Hochelaga),Mercier - Hochelaga-Maisonneuve,5,15,Monday,10,81,15.6,0
29e avenue / St-Zotique,Rosemont - La Petite-Patrie,6,22,Thursday,8,49,22.9,0.3
Parc Honoré-Mercier (Notre-Dame / Liébert),Mercier - Hochelaga-Maisonneuve,9,28,Thursday,3,12,15.1,0
de Gaspé / Beaubien,Rosemont - La Petite-Patrie,10,6,Friday,6,121,20.3,31.3
3e avenue / Holt,Rosemont - La Petite-Patrie,5,17,Wednesday,15,56,5.2,0
St-Dominique / de Bellechasse,Rosemont - La Petite-Patrie,10,29,Sunday,9,103,4.7,1
Letourneux / Ste-Catherine,Mercier - Hochelaga-Maisonneuve,5,2,Tuesday,5,31,9.9,3.8
de St-Vallier / St-Zotique,Rosemont - La Petite-Patrie,8,26,Saturday,6,79,19.7,0.8
des Ormeaux / Notre-Dame,Mercier - Hochelaga-Maisonneuve,5,12,Friday,1,12,20.3,0
Métro Jolicoeur (de Sève / Drake),Le Sud-Ouest,7,4,Tuesday,13,62,24.1,3.8
Hochelaga / de l'Assomption,Mercier - Hochelaga-Maisonneuve,9,25,Monday,1,24,16.3,0
Pierre-de-Coubertin / Langelier,Mercier - Hochelaga-Maisonneuve,8,15,Tuesday,3,17,21.2,0.5
de Bordeaux / St-Zotique,Rosemont - La Petite-Patrie,10,3,Tuesday,16,65,21.9,0
41e avenue / Victoria,Lachine,8,6,Sunday,0,3,21.5,0
Darling / Sherbrooke,Rosemont - La Petite-Patrie,5,19,Friday,6,41,15.2,0
St-Joseph / 8e avenue Lachine,Lachine,8,29,Tuesday,1,10,21.5,0
Ropery / Augustin-Cantin,Le Sud-Ouest,5,7,Sunday,7,120,16.5,0
Augustin-Cantin / Shearer,Le Sud-Ouest,10,6,Friday,8,49,20.3,31.3
Duvernay / Charlevoix,Le Sud-Ouest,5,15,Monday,7,50,15.6,0
35e avenue / Beaubien,Rosemont - La Petite-Patrie,7,8,Saturday,3,29,25,0
41e avenue / Victoria,Lachine,8,3,Thursday,1,3,20.8,7.2
St-Germain / Hochelaga,Mercier - Hochelaga-Maisonneuve,9,8,Friday,5,38,22.3,0
19e avenue / St-Zotique,Rosemont - La Petite-Patrie,7,16,Sunday,1,56,24.2,12.7
de Chambly / Rachel,Rosemont - La Petite-Patrie,9,4,Monday,11,76,24.6,0
Desjardins / Ontario,Mercier - Hochelaga-Maisonneuve,7,15,Saturday,6,71,22.8,0.3
Cartier / Rosemont,Rosemont - La Petite-Patrie,5,22,Monday,5,47,10.8,0
1ère  avenue / St-Zotique,Rosemont - La Petite-Patrie,9,7,Thursday,11,45,26.1,0
Brittany / Ainsley,Mont-Royal,7,7,Friday,1,32,24.3,0.5
Louis-Hémon / Rosemont,Rosemont - La Petite-Patrie,5,26,Friday,6,79,13.9,0
Métro Jolicoeur (de Sève / Drake),Le Sud-Ouest,5,29,Monday,6,49,18,0
de Gaspé / Beaubien,Rosemont - La Petite-Patrie,7,24,Monday,9,113,24,0
Valois / Ste-Catherine,Mercier - Hochelaga-Maisonneuve,7,28,Friday,15,102,23.9,23.4
8e avenue / Notre-Dame Lachine,Lachine,7,21,Friday,1,6,21.9,26
de Bellechasse / de St-Vallier,Rosemont - La Petite-Patrie,8,5,Saturday,5,114,20,0
Brittany / Ainsley,Mont-Royal,8,29,Tuesday,3,22,21.5,0
Parc LaSalle (10e avenue / Victoria),Lachine,6,29,Thursday,1,9,20.3,4.7
de Chambly / Rachel,Rosemont - La Petite-Patrie,9,22,Friday,11,60,16.1,0.5
Bourbonnière / du Mont-Royal,Rosemont - La Petite-Patrie,7,13,Thursday,11,44,23,36.1
Chabot / de Bellechasse,Rosemont - La Petite-Patrie,7,1,Saturday,7,70,22.6,27.2
Boyer / Rosemont,Rosemont - La Petite-Patrie,5,8,Monday,26,145,12.4,0.4
de Bellechasse / de St-Vallier,Rosemont - La Petite-Patrie,7,21,Friday,3,82,21.9,26
André-Laurendeau / Rachel,Rosemont - La Petite-Patrie,7,5,Wednesday,30,202,25.6,0.2
Boyer / Beaubien,Rosemont - La Petite-Patrie,5,2,Tuesday,14,103,9.9,3.8
Métro Langelier (Langelier / Sherbrooke),Mercier - Hochelaga-Maisonneuve,8,28,Monday,4,33,18.9,0
Desjardins / Ontario,Mercier - Hochelaga-Maisonneuve,7,6,Thursday,22,71,27.7,0
Métro Assomption (Chauveau / de l'Assomption),Mercier - Hochelaga-Maisonneuve,7,24,Monday,5,39,24,0
de St-Vallier / St-Zotique,Rosemont - La Petite-Patrie,7,14,Friday,8,88,21.3,0
Hamilton / Jolicoeur,Le Sud-Ouest,7,17,Monday,13,55,25.2,0
8e avenue / Notre-Dame Lachine,Lachine,6,27,Tuesday,2,6,23.3,7.2
Laird / Glencoe,Mont-Royal,9,10,Sunday,0,17,17,11.2
Cartier / Bélanger,Rosemont - La Petite-Patrie,9,14,Thursday,13,60,13.9,0
Laird / Glencoe,Mont-Royal,5,13,Saturday,1,13,13.5,0
Souligny / Desmarteau,Mercier - Hochelaga-Maisonneuve,5,15,Monday,1,10,15.6,0
Métro Monk (Allard / Beaulieu),Le Sud-Ouest,10,22,Sunday,0,15,7.4,8.4
Dubois / Eadie,Le Sud-Ouest,7,26,Wednesday,14,45,24.9,0
Ontario / Sicard,Mercier - Hochelaga-Maisonneuve,6,16,Friday,9,39,19.8,0
Parc du Pélican (2e avenue / St-Joseph),Rosemont - La Petite-Patrie,9,17,Sunday,6,62,17.9,0
Boyer / Bélanger,Rosemont - La Petite-Patrie,5,7,Sunday,4,121,16.5,0
35e avenue / Beaubien,Rosemont - La Petite-Patrie,8,25,Friday,5,30,18.3,1.1
Chabot / de Bellechasse,Rosemont - La Petite-Patrie,9,15,Friday,18,89,14.9,0
Peel / Ottawa,Le Sud-Ouest,5,22,Monday,20,276,10.8,0
Louis-Hémon / Rosemont,Rosemont - La Petite-Patrie,10,14,Saturday,11,80,10.6,0
10e avenue / Masson,Rosemont - La Petite-Patrie,9,15,Friday,29,192,14.9,0
Shearer / Centre,Le Sud-Ouest,7,6,Thursday,14,83,27.7,0
Hamilton / Jolicoeur,Le Sud-Ouest,8,6,Sunday,8,60,21.5,0
Rose-de-Lima / Workman,Le Sud-Ouest,6,10,Saturday,7,79,17.6,0
Dubois / Eadie,Le Sud-Ouest,5,7,Sunday,5,38,16.5,0
Laird / Glencoe,Mont-Royal,5,19,Friday,2,30,15.2,0
7e avenue / St-Joseph Rosemont,Rosemont - La Petite-Patrie,5,25,Thursday,22,67,11.7,0
de Léry / Sherbrooke,Mercier - Hochelaga-Maisonneuve,7,24,Monday,5,66,24,0
Métro Langelier (Langelier / Sherbrooke),Mercier - Hochelaga-Maisonneuve,6,26,Monday,1,29,24.7,0
Letourneux / Ste-Catherine,Mercier - Hochelaga-Maisonneuve,7,28,Friday,11,63,23.9,23.4
St-Dominique / St-Zotique,Rosemont - La Petite-Patrie,8,28,Monday,19,178,18.9,0
29e avenue / St-Zotique,Rosemont - La Petite-Patrie,7,19,Wednesday,11,43,21.8,0
Drolet / Beaubien,Rosemont - La Petite-Patrie,9,16,Saturday,5,165,17.6,0
29e avenue / St-Zotique,Rosemont - La Petite-Patrie,6,21,Wednesday,13,52,20.8,0.2
Jeanne-d'Arc / Ontario,Mercier - Hochelaga-Maisonneuve,7,3,Monday,11,171,24.1,0
1ère avenue / Rosemont,Rosemont - La Petite-Patrie,10,27,Friday,13,71,17.2,0.3
Fabre / St-Zotique,Rosemont - La Petite-Patrie,10,29,Sunday,4,48,4.7,1
12e avenue / St-Zotique,Rosemont - La Petite-Patrie,5,26,Friday,14,44,13.9,0
29e avenue / St-Zotique,Rosemont - La Petite-Patrie,6,24,Saturday,5,31,22.8,22.5
Ste-Catherine / Dezery,Mercier - Hochelaga-Maisonneuve,10,4,Wednesday,9,90,23.7,0
5e avenue / Masson,Rosemont - La Petite-Patrie,8,24,Thursday,31,155,20.8,4.1
Cartier / Dandurand,Rosemont - La Petite-Patrie,6,18,Sunday,6,66,16.5,0
Marché Jean-Talon (Henri-Julien / Jean-Talon),Rosemont - La Petite-Patrie,8,20,Sunday,9,182,20.9,0
Rose-de-Lima / Workman,Le Sud-Ouest,5,29,Monday,6,58,18,0
Rose-de-Lima / Workman,Le Sud-Ouest,5,17,Wednesday,7,30,5.2,0
41e avenue / Victoria,Lachine,6,5,Monday,0,3,16.4,0
Lionel-Groulx / George-Vanier,Le Sud-Ouest,8,30,Wednesday,7,26,17.8,30.3
Métro Jolicoeur (de Sève / Drake),Le Sud-Ouest,7,23,Sunday,1,47,22.3,0
St-Dominique / de Bellechasse,Rosemont - La Petite-Patrie,9,7,Thursday,28,130,26.1,0
de Chambly / Rachel,Rosemont - La Petite-Patrie,6,18,Sunday,4,37,16.5,0
Cartier / Rosemont,Rosemont - La Petite-Patrie,5,5,Friday,7,50,11.8,0
St-Ambroise / Louis-Cyr,Le Sud-Ouest,6,3,Saturday,7,56,15.9,0
des Ormeaux / de Grosbois,Mercier - Hochelaga-Maisonneuve,7,23,Sunday,0,6,22.3,0
Boyer / St-Zotique,Rosemont - La Petite-Patrie,5,6,Saturday,5,118,15.6,0
Dixie / 54e avenue,Lachine,10,18,Wednesday,1,1,12.1,0
du Mont-Royal / Augustin-Frigon,Rosemont - La Petite-Patrie,9,28,Thursday,19,93,15.1,0
Boyer / Beaubien,Rosemont - La Petite-Patrie,5,17,Wednesday,19,107,5.2,0
Cartier / Dandurand,Rosemont - La Petite-Patrie,7,13,Thursday,15,66,23,36.1
Bourbonnière / du Mont-Royal,Rosemont - La Petite-Patrie,10,31,Tuesday,7,34,1.6,1.5
Canning / Notre-Dame,Le Sud-Ouest,8,25,Friday,7,39,18.3,1.1
Monsabré / Boileau,Mercier - Hochelaga-Maisonneuve,9,17,Sunday,3,27,17.9,0
Ste-Catherine / Dezery,Mercier - Hochelaga-Maisonneuve,8,27,Sunday,7,83,18.5,0.2
7e avenue / St-Joseph Rosemont,Rosemont - La Petite-Patrie,10,2,Monday,17,72,16.3,0.6
Henri-Julien / de Bellechasse,Rosemont - La Petite-Patrie,9,3,Sunday,8,57,23.4,0
Louis-Hébert / de Bellechasse,Rosemont - La Petite-Patrie,9,6,Wednesday,19,69,26.9,0
Métro Cadillac (Cadillac / Sherbrooke),Mercier - Hochelaga-Maisonneuve,10,28,Saturday,0,28,12.1,0.3
de St-Vallier / St-Zotique,Rosemont - La Petite-Patrie,6,20,Tuesday,3,76,18.8,0
Nicolet / Sherbrooke,Mercier - Hochelaga-Maisonneuve,8,26,Saturday,3,25,19.7,0.8
Cartier / Dandurand,Rosemont - La Petite-Patrie,9,3,Sunday,7,60,23.4,0
St-Dominique / St-Zotique,Rosemont - La Petite-Patrie,10,31,Tuesday,30,130,1.6,1.5
41e avenue / Victoria,Lachine,5,26,Friday,0,3,13.9,0
IUSMM (Georges-Villeneuve),Mercier - Hochelaga-Maisonneuve,10,17,Tuesday,3,13,10.8,0.8
Turgeon / Notre-Dame,Le Sud-Ouest,5,11,Thursday,7,88,17.9,0
Peel / Ottawa,Le Sud-Ouest,8,23,Wednesday,36,241,18.7,0.5
Gare Lachine (Sir George Simpson / 48e avenue),Lachine,7,30,Sunday,0,1,17.8,6.6
Parc Grovehill (St-Antoine / Ivan-Franko),Lachine,8,8,Tuesday,0,2,22,6.6
27e avenue / Rosemont,Rosemont - La Petite-Patrie,8,19,Saturday,2,23,17.3,6.7
de Chambly / Rachel,Rosemont - La Petite-Patrie,10,5,Thursday,10,81,23.1,0
Parc St-Paul (Le Caron / Marc-Sauvalle),Le Sud-Ouest,8,22,Tuesday,16,71,18.7,0
Duvernay / Charlevoix,Le Sud-Ouest,10,18,Wednesday,11,62,12.1,0
Desjardins / Ontario,Mercier - Hochelaga-Maisonneuve,5,8,Monday,14,54,12.4,0.4
Darling / Sherbrooke,Rosemont - La Petite-Patrie,10,8,Sunday,1,22,11.4,5.1
Parc Maisonneuve (Viau / Sherbrooke),Rosemont - La Petite-Patrie,6,9,Friday,9,84,15.3,0
Chabot / de Bellechasse,Rosemont - La Petite-Patrie,7,19,Wednesday,15,69,21.8,0
Molson / Beaubien,Rosemont - La Petite-Patrie,6,14,Wednesday,17,85,18.2,0
Augustin-Cantin / Shearer,Le Sud-Ouest,8,28,Monday,14,67,18.9,0
Fortune / Wellington,Le Sud-Ouest,5,5,Friday,8,45,11.8,0
Graham / Wicksteed,Mont-Royal,9,7,Thursday,6,40,26.1,0
Rose-de-Lima / Workman,Le Sud-Ouest,9,17,Sunday,2,64,17.9,0
Bélanger / St-Denis,Rosemont - La Petite-Patrie,9,18,Monday,20,110,17,0.5
St-Joseph / 8e avenue Lachine,Lachine,6,20,Tuesday,2,34,18.8,0
1ère  avenue / St-Zotique,Rosemont - La Petite-Patrie,7,30,Sunday,5,47,17.8,6.6
Desjardins / Ontario,Mercier - Hochelaga-Maisonneuve,8,16,Wednesday,19,87,21.9,0.4
Lionel-Groulx / George-Vanier,Le Sud-Ouest,10,4,Wednesday,10,29,23.7,0
8e avenue / Dandurand,Rosemont - La Petite-Patrie,7,18,Tuesday,10,50,22.8,10.2
Desjardins / Ontario,Mercier - Hochelaga-Maisonneuve,8,5,Saturday,7,76,20,0
Métro Jolicoeur (de Sève / Drake),Le Sud-Ouest,10,1,Sunday,0,47,18.8,0
Parc Summerlea (53e avenue / St-Joseph),Lachine,5,20,Saturday,0,12,18.4,3.2
Hamilton / Jolicoeur,Le Sud-Ouest,7,9,Sunday,3,45,24,3.8
Parc Stoney-Point (St-Joseph / 47e avenue),Lachine,9,6,Wednesday,0,5,26.9,0
Cartier / Bélanger,Rosemont - La Petite-Patrie,8,7,Monday,8,37,20.5,2.8
de Lanaudière / Bélanger,Rosemont - La Petite-Patrie,6,4,Sunday,10,82,14.1,0
Parc Lalancette (de Rouen / Valois),Mercier - Hochelaga-Maisonneuve,5,27,Saturday,8,140,19.5,0
Métro Rosemont (de St-Vallier / Rosemont),Rosemont - La Petite-Patrie,8,27,Sunday,7,124,18.5,0.2
Parc du Pélican (2e avenue / St-Joseph),Rosemont - La Petite-Patrie,7,12,Wednesday,11,64,21.9,0
8e avenue / Dandurand,Rosemont - La Petite-Patrie,5,30,Tuesday,9,43,19.3,0
Parc du Pélican (2e avenue / St-Joseph),Rosemont - La Petite-Patrie,8,22,Tuesday,20,55,18.7,0
41e avenue / Rosemont,Rosemont - La Petite-Patrie,7,23,Sunday,1,25,22.3,0
Parc St-Louis (St-Joseph / 34e avenue),Lachine,8,7,Monday,1,7,20.5,2.8
Métro Rosemont (de St-Vallier / Rosemont),Rosemont - La Petite-Patrie,6,1,Thursday,25,112,26.3,0
Boyer / St-Zotique,Rosemont - La Petite-Patrie,5,18,Thursday,18,124,7.6,0
Duchesneau / de Marseille,Mercier - Hochelaga-Maisonneuve,10,8,Sunday,0,5,11.4,5.1
Letourneux / Ste-Catherine,Mercier - Hochelaga-Maisonneuve,8,21,Monday,16,66,18.3,0
Peel / Ottawa,Le Sud-Ouest,10,1,Sunday,16,264,18.8,0
Métro Rosemont (de St-Vallier / Rosemont),Rosemont - La Petite-Patrie,8,7,Monday,19,110,20.5,2.8
Cartier / Rosemont,Rosemont - La Petite-Patrie,10,27,Friday,13,52,17.2,0.3
Parc du Pélican (2e avenue / St-Joseph),Rosemont - La Petite-Patrie,6,18,Sunday,8,44,16.5,0
Métro Monk (Allard / Beaulieu),Le Sud-Ouest,7,22,Saturday,0,58,21.2,0
Métro Radisson (Sherbrooke / des Groseilliers),Mercier - Hochelaga-Maisonneuve,8,12,Saturday,4,44,19.9,20.3
Métro Cadillac (Cadillac / Sherbrooke),Mercier - Hochelaga-Maisonneuve,7,28,Friday,6,29,23.9,23.4
Valois / Ste-Catherine,Mercier - Hochelaga-Maisonneuve,5,30,Tuesday,19,79,19.3,0
Hochelaga / de l'Assomption,Mercier - Hochelaga-Maisonneuve,5,17,Wednesday,0,21,5.2,0
35e avenue / Beaubien,Rosemont - La Petite-Patrie,8,16,Wednesday,6,34,21.9,0.4
St-Charles / Thomas-Keefer,Le Sud-Ouest,8,20,Sunday,4,323,20.9,0
Hochelaga / de l'Assomption,Mercier - Hochelaga-Maisonneuve,9,10,Sunday,0,22,17,11.2
Centre ÉPIC (St-Zotique / 40e avenue),Rosemont - La Petite-Patrie,8,22,Tuesday,15,53,18.7,0
St-Antoine / 19e avenue,Lachine,10,28,Saturday,0,2,12.1,0.3
Métro Langelier (Langelier / Sherbrooke),Mercier - Hochelaga-Maisonneuve,5,9,Tuesday,5,22,10.2,0
Drolet / St-Zotique,Rosemont - La Petite-Patrie,10,24,Tuesday,17,55,8,4.6
Turgeon / Notre-Dame,Le Sud-Ouest,9,20,Wednesday,6,78,15.7,0
Beaubien / 8e avenue,Rosemont - La Petite-Patrie,10,19,Thursday,4,50,13.8,0.4
de Bordeaux / St-Zotique,Rosemont - La Petite-Patrie,10,12,Thursday,17,45,10.7,0
Beaubien / 8e avenue,Rosemont - La Petite-Patrie,9,14,Thursday,14,58,13.9,0
10e avenue / Masson,Rosemont - La Petite-Patrie,8,19,Saturday,10,124,17.3,6.7
de Chambly / Rachel,Rosemont - La Petite-Patrie,8,3,Thursday,5,62,20.8,7.2
Letourneux / Ste-Catherine,Mercier - Hochelaga-Maisonneuve,8,4,Friday,12,63,21.4,3.1
Mozart / Waverly,Rosemont - La Petite-Patrie,6,30,Friday,4,49,22.8,0
19e avenue / St-Zotique,Rosemont - La Petite-Patrie,8,30,Wednesday,3,39,17.8,30.3
Dubois / Eadie,Le Sud-Ouest,5,13,Saturday,5,47,13.5,0
Henri-Julien / de Bellechasse,Rosemont - La Petite-Patrie,7,24,Monday,5,49,24,0
Chabot / Beaubien,Rosemont - La Petite-Patrie,8,10,Thursday,10,67,21.3,15.2
St-Joseph / 8e avenue Lachine,Lachine,6,2,Friday,2,22,22.7,0
5e avenue / Rosemont,Rosemont - La Petite-Patrie,10,22,Sunday,1,11,7.4,8.4
Métro Rosemont (de St-Vallier / Rosemont),Rosemont - La Petite-Patrie,9,30,Saturday,9,203,17.3,0.5
St-Antoine / 19e avenue,Lachine,10,14,Saturday,0,3,10.6,0
IUSMM (Georges-Villeneuve),Mercier - Hochelaga-Maisonneuve,5,11,Thursday,0,10,17.9,0
Louis-Hébert / de Bellechasse,Rosemont - La Petite-Patrie,9,30,Saturday,8,97,17.3,0.5
Nicolet / Sherbrooke,Mercier - Hochelaga-Maisonneuve,8,9,Wednesday,3,21,22.1,0
Fabre / St-Zotique,Rosemont - La Petite-Patrie,9,28,Thursday,19,75,15.1,0
Pierre-de-Coubertin / Langelier,Mercier - Hochelaga-Maisonneuve,8,1,Tuesday,0,19,15.6,0
Graham / Kindersley,Mont-Royal,7,27,Thursday,1,28,22.3,27.6
Ste-Catherine / Dezery,Mercier - Hochelaga-Maisonneuve,7,13,Thursday,11,58,23,36.1
Parc Honoré-Mercier (Notre-Dame / Liébert),Mercier - Hochelaga-Maisonneuve,10,10,Tuesday,4,8,10.7,0.2
du Mont-Royal / Augustin-Frigon,Rosemont - La Petite-Patrie,5,12,Friday,21,90,20.3,0
Nicolet / Sherbrooke,Mercier - Hochelaga-Maisonneuve,8,11,Friday,2,39,19.8,0
Parc Honoré-Mercier (Notre-Dame / Liébert),Mercier - Hochelaga-Maisonneuve,6,17,Saturday,0,12,15.3,5.3
de Léry / Sherbrooke,Mercier - Hochelaga-Maisonneuve,9,8,Friday,4,69,22.3,0
Métro Rosemont (de St-Vallier / Rosemont),Rosemont - La Petite-Patrie,6,28,Wednesday,17,109,19.9,8.1
Valois / Ste-Catherine,Mercier - Hochelaga-Maisonneuve,9,13,Wednesday,9,62,19.7,8.5
8e avenue / Notre-Dame Lachine,Lachine,8,8,Tuesday,1,6,22,6.6
Parc Félix-Leclerc (François-Boivin / St-Zotique),Mercier - Hochelaga-Maisonneuve,7,19,Wednesday,3,20,21.8,0
Augustin-Cantin / Shearer,Le Sud-Ouest,7,9,Sunday,6,60,24,3.8
Fabre / St-Zotique,Rosemont - La Petite-Patrie,9,18,Monday,7,63,17,0.5
Boyer / Bélanger,Rosemont - La Petite-Patrie,8,13,Sunday,5,73,21.8,0
3e avenue / Holt,Rosemont - La Petite-Patrie,10,17,Tuesday,19,45,10.8,0.8
Victoria / 18e avenue Lachine,Lachine,7,24,Monday,1,12,24,0
Desjardins / Ontario,Mercier - Hochelaga-Maisonneuve,9,14,Thursday,27,73,13.9,0
5e avenue / Rosemont,Rosemont - La Petite-Patrie,6,9,Friday,15,40,15.3,0
de Gaspé / Dante,Rosemont - La Petite-Patrie,6,28,Wednesday,9,33,19.9,8.1
3e avenue / Holt,Rosemont - La Petite-Patrie,10,2,Monday,8,41,16.3,0.6
d'Orléans / Masson,Rosemont - La Petite-Patrie,8,12,Saturday,6,67,19.9,20.3
Molson / Beaubien,Rosemont - La Petite-Patrie,6,25,Sunday,7,70,22.2,0
Cartier / Bélanger,Rosemont - La Petite-Patrie,7,30,Sunday,7,59,17.8,6.6
Hamilton / Jolicoeur,Le Sud-Ouest,10,6,Friday,11,46,20.3,31.3
Parc St-Louis (St-Joseph / 34e avenue),Lachine,10,31,Tuesday,1,3,1.6,1.5
de Bellechasse / de St-Vallier,Rosemont - La Petite-Patrie,9,12,Tuesday,18,88,18.3,0
Graham / Brookfield,Mont-Royal,8,13,Sunday,2,33,21.8,0
Graham / Wicksteed,Mont-Royal,7,21,Friday,3,34,21.9,26
Boyer / St-Zotique,Rosemont - La Petite-Patrie,5,2,Tuesday,14,84,9.9,3.8
Fortune / Wellington,Le Sud-Ouest,6,22,Thursday,25,76,22.9,0.3
Parc du Pélican (2e avenue / St-Joseph),Rosemont - La Petite-Patrie,8,5,Saturday,9,48,20,0
Métro Beaubien (de Chateaubriand / Beaubien),Rosemont - La Petite-Patrie,7,26,Wednesday,57,278,24.9,0
St-Ambroise / Louis-Cyr,Le Sud-Ouest,6,27,Tuesday,12,71,23.3,7.2
d'Orléans / Masson,Rosemont - La Petite-Patrie,8,9,Wednesday,17,91,22.1,0
Monsabré / Boileau,Mercier - Hochelaga-Maisonneuve,10,28,Saturday,7,21,12.1,0.3
Métro Rosemont (de St-Vallier / Rosemont),Rosemont - La Petite-Patrie,6,3,Saturday,7,136,15.9,0
St-Dominique / St-Zotique,Rosemont - La Petite-Patrie,6,10,Saturday,13,189,17.6,0
Ann / Wellington,Le Sud-Ouest,10,15,Sunday,3,36,9.5,0
Desjardins / Ontario,Mercier - Hochelaga-Maisonneuve,9,4,Monday,0,37,24.6,0
Lionel-Groulx / George-Vanier,Le Sud-Ouest,8,15,Tuesday,14,41,21.2,0.5
5e avenue / Masson,Rosemont - La Petite-Patrie,5,7,Sunday,5,135,16.5,0
Augustin-Cantin / Shearer,Le Sud-Ouest,6,18,Sunday,5,32,16.5,0
Nicolet / Sherbrooke,Mercier - Hochelaga-Maisonneuve,7,27,Thursday,2,18,22.3,27.6
St-Germain / Hochelaga,Mercier - Hochelaga-Maisonneuve,9,1,Friday,11,47,18.1,0
des Érables / Bélanger,Rosemont - La Petite-Patrie,5,30,Tuesday,4,17,19.3,0
Parc Lalancette (de Rouen / Valois),Mercier - Hochelaga-Maisonneuve,6,26,Monday,7,78,24.7,0
